chest size,height,waist,head,foot length,weight
96.3,185.5,82.5,57.1,28.5,73.2
101.9,167.2,81.2,55,24.2,65.1
99.5,179.9,99.2,56.3,28.1,93.2
98.6,171.4,85.9,54.5,27.4,71.6
94.7,176.9,78.3,58.5,26.5,67.1
122.3,180.5,118.4,61.5,29,114.2
98,180.4,93.6,59.9,27.1,76.5
89.6,173.9,71.1,53.9,26.8,53
93.8,178.7,82.9,57.7,28.6,69.7
122.3,180.5,118.4,61.5,29,114.2
115.4,173.1,112.6,59.1,27.7,95.3
98,178.5,95.4,57.1,27.2,78.7
83.1,172.6,75.7,57.9,26.2,58.6
94.7,170.7,81.7,56.4,26.2,66.7
97.1,175,87.3,56.4,27.4,77.8
98.8,175.8,89.6,58.5,26.2,77.8
95.9,182.9,85.8,58.4,29.2,80.4
87.6,169.3,75.4,55.7,25.3,54.6
93.1,177.4,79.7,59.9,27.5,69
94.4,168.3,72.2,60,23.8,59.1
86.4,173.4,81.7,56.3,27.3,63.8
104.1,173.2,91.4,56.7,26,74.6
106.4,180.1,97.3,57.8,27.6,90.4
92,172.4,86.6,57.3,26.3,67.8
112.1,186.8,105.2,62,27.7,103.3
94.5,175.6,84.2,58.9,26.5,68.1
104.6,176.3,89.3,59.6,27,80.6
102.3,180.7,81.6,59.9,27.9,69
94.3,175.3,76.3,58.1,27.8,59.2
89.1,177.7,69.5,57.3,26.3,55.5
89.5,171.7,80.8,56.9,27.9,65.1
103,178.9,93.6,59.4,26.7,78
90.2,184.1,86.3,60.3,28,75
95.3,173.9,81.2,55.9,24.6,66.7
98.9,185.1,96.3,61.9,29.9,83.2
92.3,172.2,86.2,57.3,27.4,70.1
91.9,179.3,84.3,56.1,26.9,69.8
93.1,179.3,84.7,57.7,27.6,65.2
95.8,176.8,88.6,56.9,27,75.3
92.6,178.5,81.1,56.3,27,68.8
93.8,178.7,82.9,57.7,28.6,69.7
88,178.1,82.1,56.3,28.1,66.1
110.7,169.2,95.6,62.2,29.7,75.8
98.5,168.6,85.9,59.8,25.5,66.5
88.9,179.9,80.8,55.7,26.5,65.1
107.6,179.1,95,57.6,27.7,88.4
88.5,178.9,112.6,56.1,26.1,58.8
84.5,174.5,75,56.9,25.3,53.1
82.5,168.5,67.1,56.2,25.2,49.5
123.3,169.2,114.7,61.6,25.5,102.4
98.2,167.2,82.9,56.3,26.1,76.8
88.8,171.7,80.7,56.5,25.6,62.7
98.9,175.3,89.4,62,28,85
98.6,173.6,98.5,58.5,27.3,79
81.4,169.5,72.1,56.7,24.8,57.7
97.4,182.4,82.1,56.5,28.3,76.8
100.4,174.4,94.2,58.9,28.4,83.3
96.6,176.5,88.3,58.5,26.8,72.9
87,179.7,74.9,55.6,28.4,66.2
99.1,175.8,87.7,58.2,26.4,67.4
85.1,181.5,78.1,60,26.4,70.9
102.1,175.7,95.5,57.5,26.2,72.2
87.6,174.3,88,59.4,24.1,75.7
100.9,177.8,97.5,59.9,26.5,85.1
89.9,184.1,116.5,56.6,28.3,65.1
92.3,174.5,83.3,58,26.6,61.9
94.3,179.7,110.8,57,28.7,68.5
90.7,169.8,79.1,57.4,26.6,62.9
89.8,179.4,76.5,52.4,27.9,60.5
84,175,73.1,55,25.9,55
89.4,171,87,58.7,27.1,64.9
92.3,171,82.9,56.6,26.1,63.9
95.9,182.9,85.8,58.4,29.2,80.4
87.8,163.1,85.9,55.6,24.2,62.5
86.3,168,112.4,56,26.6,57.9
92.5,174.2,77.9,58.4,26.5,64.1
99,175.7,101.3,57,27.2,84.4
113.8,175,116.3,60.5,28,103.5
96.3,176,81.4,56.1,27.8,78.9
100.4,181.8,91.4,56.2,27.8,77.3
95.6,172.5,85.8,55.6,26.8,67.6
88.1,178.1,77.8,58.8,25.3,59.8
87.6,183,81.8,59.4,27.7,71.8
99.9,178.7,77.9,58,24.8,60.6
99.5,181.6,87.9,55.5,27.5,74.4
89.7,180.2,84.1,59.3,27.2,66.9
93.5,175,78.2,57.4,25.8,75
92.6,166.3,76.7,56,25.4,60.6
90,178.4,74.9,54.8,26.4,62.6
94,170.4,84.6,57.9,25.5,65.7
86,176.7,69.4,57.3,26.3,62.5
81.8,163.6,66.4,56.3,24,43.3
93.5,182.4,75.4,57.1,27.4,68.2
97.5,172.3,79.5,55.3,26.8,61.8
90.3,168.4,79.5,56.4,28.7,57.6
91.3,170.5,82.5,56.4,27.2,61
89.6,170.3,105.1,53.3,25,60
95.1,167.2,85.2,57.2,24.9,68.7
83.6,167.3,63.9,54.4,24.8,46.8
109.5,172.3,97.8,60.8,23.6,77.7
95,168.2,87.1,57.3,26.1,71.3
106.8,174.1,100.2,59.9,26.2,89.1
99.5,175.7,87.3,56.3,27.7,81.8
111.7,176,103.8,59.5,27.6,96.6
112.1,186.1,106.4,59,27.2,101.7
98.7,170.6,89,56.8,26.3,69.8
81.5,171.9,75.7,55.8,26.5,60.1
94.9,183.2,76.6,57,28.5,60.2
86.1,176.2,68.7,55.6,26.6,58.6
88.6,180.6,81.2,57.2,29.3,61.3
89.2,173.6,73,57.6,28,64.9
81.5,167.1,77.9,53,25.7,53
108.5,167.1,95.8,59.4,27.3,93.5
89.9,177.6,73.3,57.5,31.8,56.7
94.3,178.6,82.7,55.5,26.9,73.8
89.8,175.4,79.2,57.2,26.7,66.2
85.4,176.8,74.9,59.8,28.5,60.9
97.4,168.3,84.9,61.7,25.4,65.8
98,178.2,86.5,56.4,25.8,70.6
103.7,183.7,104.4,59.3,30.1,94.7
97,169.1,92.6,55.4,26.3,77.8
96.9,168.3,78.7,55.7,25.7,63.3
93.7,179,85.1,60.2,26.5,79.7
100.9,171.1,91.9,55.1,27.3,69.7
96.9,176.6,92.6,56.4,26.6,80.2
83.3,164.9,73.4,57.8,25,46.6
93.4,174.9,98.4,56,26.8,86.4
112.9,180.1,105.1,58.3,27.6,98.5
83.6,174.7,75.5,56,26.9,57.3
87.9,180.4,75.5,56.8,27.7,61.2
81.2,174.6,80.1,56,26.4,67
98.5,160.6,98.5,56.2,24.1,69.8
100.9,178.1,79.2,55.6,28.5,72.1
79.8,165,70,57,24.2,49.3
84.9,171.7,75.3,55.9,26.5,60.8
100.4,166.6,97.1,56,26.4,76.6
83,178,71.3,54.6,26.2,58.1
122,180.3,122.1,60.8,27.8,113.4
87.5,173.4,72.9,55.9,27.4,64.6
100.2,179.3,90.8,55,27.9,73.5
89.6,179.6,77.1,56.5,27.8,64.7
88.1,172.7,77.4,55.1,25.1,54.9
90.5,165,78.8,54.8,24.7,63.4
91.8,168,81.2,57.6,24.2,65.9
93.8,175.1,85,56,27.5,71.9
95,176.2,77.3,57.6,26.4,67.3
98.3,182.3,92.2,59.4,26.9,78.4
82.6,164.1,75.8,58.5,26,51.8
95.6,173.5,83,57,26.9,71.7
89.2,166.1,78,55.8,24.5,62.4
94.4,183.5,87.7,58.2,28,76.7
112.9,177.8,113.2,56.8,26.4,99.9
91.1,178.8,83.3,57.2,25.4,66.6
95.7,184,87.9,56.7,27.1,73.9
92.5,173.5,79.1,56.4,27.3,69.2
95.8,180.5,85.9,57.7,26.7,74.2
92.5,177.2,82.7,56.7,26.4,70.3
97.4,168.3,84.9,61.7,25.4,81.8
86.6,175.4,69.5,55.2,27.2,57.1
92,169.6,87.4,56.9,26.5,65.2
87.9,168.2,84,57.8,27,68.6
84.1,173.9,72.4,58.7,25.6,51
90,171.1,80.9,55.4,25.9,63.5
103.1,167.2,103,58.3,25,74.4
86.6,170,78,54.3,26.8,60.8
82.1,165.9,77.2,55.6,23.6,52.5
90.8,167.1,79.1,56.8,26.5,62.5
100,173.6,99.7,57.4,26.4,77.6
82.1,173.2,75.1,56.1,25.3,63.1
97.1,166.1,89.7,54.1,25.4,67.3
91.6,168.7,80.8,55.1,25,65.1
101.3,177.8,88.2,62.1,27.2,76.5
94.8,171.8,92.8,55.6,24.9,74.9
92.5,166.4,82.2,53.9,25,59.1
88.1,171.7,78.7,58.3,27.7,66.8
99.1,166.6,96.5,57.9,25.3,74.8
90.3,174,79.7,56.1,26.6,66.3
89.4,171.9,79.2,59.2,23.7,56.3
93.4,173.5,74.3,57.4,27.8,64.2
103.1,173.6,91.6,55.7,26,76.8
88,175,78.7,55.1,27.1,59.8
109.9,182.8,99.7,60.6,26.5,89.7
101.2,169.6,92,56.5,26.2,73.9
106.9,173.7,102.8,57.4,26.2,86.2
92.5,177.7,80.2,55.1,27.7,69.5
92.9,171.4,83,55.6,26.4,63.1
92.9,179.9,81.7,57.1,26.5,68.7
114.5,175,112.5,59,26,98.5
86,172.1,75.3,56.8,26.5,60.6
84.4,173.9,75.9,57.2,26.2,57.4
87.6,166.3,73.1,55.2,24.3,57.4
97.1,169.7,93,58.2,27,73.1
101.5,173.6,86.3,58.8,28.3,76.6
100.1,173,87.7,60.1,26.2,72
90.8,171,76.7,56.8,27.4,60.1
108.8,171.5,93.8,57.1,26.1,80.5
86.6,180.1,80.4,56.2,27.3,68.8
89.7,167.1,71.6,56,26,54.6
95.6,173.3,86.2,54.9,25.4,67.8
87.3,160.9,74.7,59.8,25,57.1
95.7,173.3,82.5,53.8,25.8,71.6
127.6,170.4,101.8,59.6,26.1,81.1
93.7,175.6,82,58.7,27.5,70.6
99.8,175.3,90.4,62.4,26.3,73.2
98.4,179.9,89.5,60.6,27.2,79.7
102.9,174.7,95.2,58.3,26,74.5
92.4,181,83.7,58.5,29.3,73
89.1,168.2,79.4,55.6,25,59.9
98.3,173.9,100.7,56,25.4,88.8
85.3,165.1,82.2,54.5,25.2,61.3
105.4,167.2,97.5,55.4,25.9,81.7
95.2,181.4,82,57.1,27.6,67.5
92.4,171.3,76.5,54.1,25.7,63
104,165,106,56.9,25.3,81.3
93,179.7,81.6,58.6,29,69.5
91.1,172.3,80.9,55.2,26.9,59.7
89.3,173.3,81.4,57.8,25.3,68.2
116.6,171.8,106.4,57.8,25.4,95.2
100.5,169.5,94.8,56.4,26.3,69.8
98.2,172.5,83.6,56.8,26.2,66.1
105,174.7,102,53.1,27,93.9
101.9,175.7,95.8,58.1,26.6,84.3
98.1,174.2,94,59.5,28,82.8
90.6,172.5,76.9,57.9,25.2,56.3
94.1,176.2,88.1,56.3,27.7,75.9
99.3,179,92.5,57.6,34.2,75.5
85.3,180.4,106.1,57.3,26.4,61.2
108.1,180.7,100.8,59.1,28.8,86.7
95.8,166.9,95.9,56,26.2,75.4
95.4,170.9,78.2,58.1,25.2,64.2
88.6,171.5,69,57.2,26.8,59.7
91.9,172.8,83.1,55.3,27.4,59.9
86.7,171.9,76.2,57.8,27.7,58.8
91.2,166.5,79,57,26,60.5
88.6,170.4,109.2,56.8,26,58.6
93.2,171.1,67.4,59.4,25.8,56.5
88.5,166.5,73.9,56.8,27.1,56.1
104.9,179.1,83.8,57.4,27.7,76.3
89.4,182.1,72.1,57.2,27.1,64.8
94.8,172.8,86.3,56.2,25.8,70.2
104.8,175.4,87.9,58.5,28.2,83.7
82.4,169.4,76.7,56,24.6,54.7
86.1,169,80.3,56.7,25.7,63.4
92.7,176.5,84.5,59.4,27.2,69.2
91.3,180,83.3,60.1,28.6,68.1
110.8,178.1,103.7,59.8,27.8,92.2
87.7,171.3,76.3,57.7,26.8,62.3
99.3,175.4,93.6,56.7,25.6,74.2
97.6,175.4,81.4,58.8,27.8,70.8
95.8,171.9,84.4,56.7,25.8,67.4
92.9,170.5,87.2,54.9,27.3,71.4
91.4,184.7,88.4,57.9,26.7,61
115.5,181.1,99.9,60.2,28.4,102.1
94.1,170.2,81.6,57.8,25.3,64.1
102.8,183.3,98.7,59.3,29.4,87.7
88.3,173.5,83.5,57.1,26.5,63.3
116,173.8,109.6,58.9,26.4,102.8
94.3,168.5,86.3,55.7,25.6,60.7
84,182.5,78.7,58.3,28.2,65.9
103.1,187,83.2,59.9,27.2,70.6
101.7,180.5,93.5,57.8,27.5,84.6
103,177.2,89.4,58.7,27.4,78.4
101.1,179.8,97.5,57.8,27.2,87.6
116.6,173.5,107.2,58.5,28.5,100.2
110.3,181.2,104.4,60.1,29,95.2
92.4,169.7,72.7,58.2,26.6,58.1
104.9,176.3,95.4,56.9,25.9,80.2
100.1,166.8,94,60.1,26,69.4
89.3,176.1,120.5,60.4,28.4,76.5
95,170.2,80.4,57.4,24.3,62
117.3,183.2,114.5,59.3,28.6,111.2
89.1,179.9,78.3,54,26.5,60.6
98.3,175.4,97,58.2,27.1,87.1
89.6,169.9,74,58.9,24.8,56.4
86,183.9,88.3,56.7,27.4,61.5
100.1,173.5,89,57.1,27,76.8
97.1,175,87.3,56.4,27.4,77.8
86.5,173.9,70.5,55.3,26.3,57.7
97.8,175.5,90,58.1,26,86.4
97.9,174.3,86.9,60.7,26.3,68.9
89.7,190.6,80.2,58.1,29,69.2
104.3,168.9,101.4,58.2,24.6,74.3
95.5,189,78.5,59.1,28,68.4
96.1,171.5,80.5,57.5,25.7,62.6
92.3,181.4,88.5,59,27.9,83.9
86.6,169.5,72,55.9,26,57.4
100.2,180.8,90.4,57.5,25,89.2
86.6,177.2,74.9,56.8,26.6,54.9
93,180.5,79.3,60.7,28.6,70.6
86.2,169.1,77.3,60.1,27.3,55.9
99.2,171.9,84.9,59.4,27.6,71.6
84.1,170.3,66.9,56.5,25.1,49.2
91.6,164.1,80.3,57.1,25.6,66.2
86.2,178.9,83.9,55.6,26.7,57.1
104.1,183.6,91.8,60.6,28,86.6
99.2,170.1,87.5,57.2,26.4,66.9
79.6,165.5,65.3,54.8,24.8,49
93.2,177.1,82.7,54.6,27.3,62.1
99.5,170.2,92.6,56.8,26.3,73.9
91.4,175.3,82.4,62.1,26.9,64.5
81.5,174.9,71.5,53.5,26.3,56.6
87.2,183.7,76.7,56.1,26.5,60.8
102.1,167.1,98.5,58.1,26.7,77.9
102.1,172.4,98.6,61.6,26.8,83.2
105.2,179.3,93.2,60.3,27.9,85.5
93.3,175.2,80.8,57.7,27.4,68.9
79.9,171.2,106.4,54.8,25.3,48.5
103.7,180.1,92.3,61.2,29.6,79.8
93.8,177.6,85.1,55.2,27.6,75.3
91.2,173.6,74.5,56.2,26.6,56.7
106.4,174.9,95.6,57.9,26.2,82.8
89.6,172.8,81.6,57.5,26.4,63.7
87.8,176.5,72.3,57,26.6,62.3
89.9,164.4,83.6,54.7,23.7,55
98,170.1,91.6,59.1,25.6,79.7
94.6,187.6,88.4,56.2,27.4,77.6
90.6,178.4,74.4,56.4,30.3,63
97.5,173.8,90.5,60.4,26.3,67.8
100,179.1,93.5,58.6,26.2,78.3
90.5,173,79.4,57.6,25.7,66.4
85.2,170.7,72.4,55.2,25.4,58.9
93.8,179.9,79.3,57,27.3,65.9
116.6,172.7,111,58.1,28.3,111.7
85.6,168.9,70.6,56.1,26,52.8
104.1,179.9,91.5,58.9,27.6,86.1
100.9,170.6,95.1,58.1,27,78.2
91.2,177.8,84,55.2,25.6,75.4
92.5,173.9,79.2,57,25,60
88.4,180.1,72.6,56.2,26.9,58.8
89.7,173.8,83.3,54.7,25.5,66.5
83.8,174,72.7,56.9,30.3,56.3
91.5,165.5,85.2,56.4,24.4,59.3
92.1,164.3,85.9,56.5,24.8,69.4
100.5,171.3,89.3,56.6,26.4,74
106.7,182.1,89.4,59.1,28.5,80
84.9,171.3,78.9,56.5,24.3,56.9
103.4,180.2,100.8,55.4,28,88.6
102.2,174.4,94.1,57.4,27.1,81.2
83.4,172.4,76,58.6,25.8,59.5
103.6,173,98.5,55.5,26.2,64
107.5,172.7,97.8,55.9,28,87.7
102.6,182,95.8,57.3,28.6,87.1
91.1,179.5,73.6,58.3,27.4,67.2
90.1,179,78,57.7,26.2,63
108,195.1,101.3,62,31.5,104.6
94,169.7,82.1,58,25.9,61
111.4,179.2,100.2,58.3,26.9,107
100.1,176.6,103.7,57.3,25.6,80.8
83.4,176.7,70.8,57.1,26.8,57.3
90.8,178.1,81.1,56.2,27.1,62.8
100.3,181.1,95,59,28.9,90.4
100.8,180.5,89.3,59.2,27.8,78
89.5,173.5,67.2,56,25.5,56.6
87.4,174.8,75,56.7,26,60.3
97.5,172.9,86.4,56.5,25.3,72.8
92.4,175.4,76.7,59,25.2,59.7
116,178.1,117.5,58,28.2,110.4
93.6,174.1,83.5,57.3,26.8,66.7
95.5,180.2,87.2,58.8,28.8,79.7
84.5,169,72.1,56.8,25.6,52.1
90.4,166.2,91.7,56.5,25.9,68.6
97.3,167.8,85.5,56.9,24.9,65
89.5,165,87.3,54.2,26.3,65.3
92.8,162.3,83.7,60,25.5,59.3
104.6,169.3,96.9,57.3,30.8,79.4
94.5,185.6,89.9,57,28.7,68.8
88.5,170.7,76.8,56.6,25,58.5
107.9,182.4,100.7,58.9,27.5,91.6
118.4,181.5,114.2,58.1,27.9,104.2
93.1,175.9,80.6,56.7,26.2,64
119.6,176.6,79.6,57.5,29,70.6
88.5,179,82.9,55.8,25.3,50.7
80.3,173.2,79.1,53.1,25.4,65.5
86.4,169.9,77.1,55.9,26.5,53.7
85.2,164.5,74.3,56.5,25.1,58.8
118.6,177.4,117.7,59.2,27.7,104.7
89.1,171.4,87.5,53.5,26.5,72.6
83.4,180.2,86.4,56,26.6,56.1
96.8,170.9,99.4,56.4,27.1,71
91.2,174.4,88.7,60,28.4,61.2
121.1,180.5,110.2,62.8,26.1,112.3
107,173.7,95.8,59.4,25.8,80.3
77.9,165,65.1,54.3,24.7,51.8
84.7,170.7,79.2,56.5,26.1,56.9
105.9,175.4,97.2,60.2,27.7,88.9
91.2,173.6,87.5,56.9,27.9,64.4
84.6,166.6,71.5,56.1,25.8,53.8
94.9,179.9,88.4,57.1,28.5,75.1
97.2,173.5,116,55.7,27,66.9
96.7,182.2,81.7,56.5,25.5,69.8
79.4,171.4,65.7,55.1,25,53.7
117.4,176.5,113,62.8,28.2,106.8
91.3,181.6,82,57.1,28.1,66.4
102.2,182.1,94.7,59.4,27.7,85.4
98,169.8,92.2,56.2,25.4,76.2
86.2,165,70.6,57.8,25.2,47.6
105.1,183,94.7,60.7,26.6,97.4
104.3,181,87.6,58.8,27.2,79.3
85.2,166,67.7,53.2,24.9,48
106.2,173.2,90.5,63.9,25.4,77.5
99.7,179.8,82.9,58.6,26.8,79.1
120.6,175.1,111,60.3,25.3,92.1
99.7,172.3,84.2,57.8,27.7,73.4
99,172.5,88.9,59.4,26.9,68.8
86.7,170.6,72.3,55.1,26.5,56
93.9,166.8,79.3,61.7,25.2,59.5
100.9,178.6,94.6,58.4,26.8,86.7
98.4,169.4,88.5,56.6,27.3,64.3
88.7,175.1,70.3,57.3,26.8,58.5
96.7,177.2,86.4,57.8,27.4,71.1
83.8,169.4,72.7,57.5,25.6,57.5
88.9,167.1,84.7,57.4,25.8,63.2
90.9,177,83.8,58.9,27.4,62.4
87.5,164,78.7,57.8,25.6,53.7
110,173.7,104.9,57,25.7,94.1
107.9,177.7,100.7,59.6,27.4,85.7
81.2,177.9,66.9,54.7,26.1,54.3
91.7,175.1,90.7,57.3,27.9,77
84.9,182.5,77.8,58.1,26.9,60.9
84.5,164.9,79.6,56.5,25.7,57.4
87.4,175.1,74.7,57.8,27.4,60.4
85.9,170.9,83.9,56.1,26.5,57
83.6,176.6,70.5,54.6,27.7,59.4
91.4,180.4,79.6,60.8,27.4,78.9
92.3,171.8,73.6,55.3,28,60.1
91.4,180.4,79.6,60.8,27.4,67.6
86.6,175.1,68.5,52.2,25.6,59.6
109.6,171,100.9,58.3,26.1,79.1
81.4,172.4,75.4,56.8,26.4,58.8
103.8,171.4,95.6,55.6,25.9,79.4
81.5,164.1,71.3,61.8,25.7,58.2
94.4,167.5,80.5,56.5,26.8,58.2
76.4,169.4,72.2,56.2,28.7,48.6
84.9,166.2,69.8,57.6,24.9,45.1
110.7,171.7,102.2,56.3,27.2,91
98.9,184.2,88.3,60.1,27.3,76.9
78.6,173.9,68,57.1,26,54
92.5,173.6,78,57.2,26,59.2
109.3,170.8,100.4,58.5,26.3,87.4
84.8,175.4,73.7,55.6,25.8,56
122.1,188.7,121.5,58.8,27.9,129.9
92.4,174.7,86.4,58.5,26.5,67.5
106.2,180.6,102.4,56.3,28.9,82.9
92.4,173.4,72.2,56,25.8,59.9
96.5,184.3,90.8,59.6,27.5,84.9
93.2,187.5,92.3,57.5,27.5,63
100.3,177.2,87,57.8,26.6,86.4
87.5,175.6,80.8,56.1,26.7,60.6
113.7,173.6,116.3,60.4,27.2,107.5
81.3,169.5,64,57.6,26.4,46.4
88,183.5,78.4,57.5,28.5,63.1
83.9,177.1,68.3,55.6,27.7,49.6
90.7,172.2,73.7,57.2,27.5,62.5
87.6,167.5,73.5,56.2,24.1,50.1
85.9,175.1,79.9,54.3,27.3,64.3
92.3,176.4,82.9,55.6,27.7,69.5
91.4,172.5,85.1,57.9,25.9,66.4
90.6,176.4,71.2,55.3,25.8,59
102.1,176.2,86.3,55.5,25.5,77.2
95.6,172,87.3,57.4,26.8,70.3
98,171.1,86.7,55.5,26.1,67.3
118.5,172.9,115.1,56.3,28.1,102.2
111.6,170.2,105.2,57.1,25.6,95
88.5,170.5,81.2,56.2,25.2,62.1
99.3,173.7,87.4,58,27.7,73.7
100.9,184.1,81.9,62.7,27.6,67.4
95.9,179.2,84.4,56.5,28,68.9
106.2,173.2,90.5,63.9,25.4,50.6
88,175.7,83.7,56.4,26.6,70.1
102.6,174,97.7,54.7,27.4,82.6
104,177,103.1,59.1,25.7,99.3
97.4,168.3,84.9,61.7,25.4,57.3
98.4,165.6,93,57.2,26.3,68.9
103.7,171.8,87.6,56.4,24.1,73
115.1,173.9,111.3,59.7,28.3,99.4
106.1,174.5,99.5,58.9,27.2,88
87.2,172.8,73.8,58.1,25.5,62.6
112.9,171.6,101.8,59.3,26.8,84.1
86.7,166.5,69.8,57.2,23.9,55.4
91.9,165.3,64.7,56.2,23.9,61
95.8,170.1,82.3,59.6,28.1,72.2
95.4,169.8,70.8,57,24.8,64.2
83.7,171.2,67,54.3,26.4,52.8
93.6,167.7,93.1,55.7,25.2,64.7
96,175.4,87.1,58,25.7,73.9
94,174.5,80.6,55.4,26.9,68.5
103.2,187.3,92.9,61.1,27.2,84.2
100.9,177.1,96.1,55.7,27.1,81.7
112.2,171.3,111.8,60.3,31.1,94
84.1,171.2,71.2,59,26.4,57
96,183.9,82.6,58.5,28.2,69.8
84.8,179.5,84.6,55.9,27,59.3
84.9,167.9,74.4,53.2,26.3,57.9
97.5,170.9,89.8,55.4,26,75.1
114.8,175.8,104.5,59,26.9,104.2
98.5,172.1,90.2,56.4,26.8,73.5
101.6,169.3,95.5,59.9,25.7,80.3
88.2,165.3,77.7,56.7,26.4,63
105.8,172.5,101.7,58.8,26.6,82
95.8,172.9,80.4,57.7,25.9,67.4
101.9,171.1,100.9,58.2,24.1,84.3
96.4,175.8,84.4,55.8,26.2,72
83.2,168.7,81,58.3,25.3,65.3
105.6,179.5,96.5,57.3,27.5,90.4
86.6,163.5,73.1,58.7,24.9,47.8
99.8,177.4,94.7,57.7,28.4,78.1
114.3,174.4,114.2,62.3,28.4,101.9
99.5,173.6,88.3,58.4,27.6,71.5
95.8,164.9,94,60.2,24.7,75
88.2,167.2,80,57,23.2,56.8
92.8,179.5,104.3,59,27.5,71.8
101,167.2,87.7,60.4,23.8,67.3
98.1,176.4,90.5,56,28.3,73.8
93.5,177,81.2,55,27.4,66.2
103.8,172.8,94.4,58.6,26.3,84.3
112.6,179.7,95.9,58.7,26.9,87.6
107.8,175.4,100.8,56.4,28.5,88.9
113.8,176.4,108.7,60.2,28,95.3
80.5,169.8,68.9,56.3,25.7,51.6
106.6,179.8,98.1,60.9,26.9,91.7
86.3,170.1,75,56.1,26.6,55.1
91,168.7,81.9,58.7,24.9,62.8
114.6,178.9,109.2,58.3,27.4,99.1
101.3,178.5,93,57.6,26.1,84.6
92.1,177.3,83.6,59,26.9,64.3
98.8,171.3,82.1,60.6,25.8,62
84.5,173.5,74.3,56.9,27.4,61.5
107.4,191.3,103.1,58,30.9,100.5
101.5,175.6,100.1,55.8,27.1,87
87.2,175.5,76.9,57.8,27,57.9
99,179.5,94.3,58.2,27.1,78.5
99.6,173.1,79.8,55.8,28.5,70.7
112.8,170.7,108.2,55.9,27,101.6
102.7,167.1,86.5,57.2,26.7,69
109.9,189,99.5,59.6,29.6,101.4
85.8,185.4,71.5,54.3,27,63.7
126.5,179.7,111.3,59.4,28.2,116.4
92.3,177.9,83.1,56.1,26.4,70.1
110.1,178.7,110.6,57.5,27.6,97
95.4,175.5,85.1,58,28.5,74.4
90.6,175.9,79.4,57.2,26.2,67.3
94.9,168.6,80.2,58.4,24.7,70.9
82.8,170.3,66.9,56.8,24.9,51.3
92.3,165.8,79.1,56.7,25.9,59.7
110.7,176.4,116.9,60.9,27.9,111.4
99.2,170.6,84.6,59.4,25.5,70.4
98.2,186.1,103.6,58.1,27.9,74.8
94.5,174.3,75.7,55.7,26.3,62.4
100.1,177.9,95.7,58.9,26.4,79.7
97.7,173.2,82.5,58.6,27.6,68.9
95.5,173.7,91.4,57.7,27,73.6
95,164.7,84.7,59.6,25.2,69.8
81.3,166.1,69.6,58.2,26.6,51.8
94.9,176.5,80.2,56.5,27,68.8
91.1,180.3,81.5,56.9,28.2,67.8
100.2,170.4,89.1,55.7,26.1,70.6
108,174.4,104,62,26.2,97.4
98.3,178.7,85.9,56.3,27.4,76
103.2,178.6,96.1,59.4,27,85.3
83.3,161.7,155.7,56.6,20.6,66.2
100.9,177.7,88.1,59.3,26.6,77
112.4,160.7,106.6,59.2,24.1,85.5
87.4,171.7,78.1,56,25.8,59.2
101.8,183,87.6,58.3,27.6,76.1
98.7,177,86.8,54.3,27.8,76
98.8,175.1,84.1,55.2,26.5,69.8
90.7,175.5,78.8,58.4,28,69.9
96.2,175,86.8,55.1,25.9,71.4
87.5,173.2,74.8,57,25.9,56.9
97.9,168.4,75.9,55.8,24.9,59.7
94.5,169.6,81.8,57.7,25.1,66
106.7,173.3,98.2,55.8,32.3,83.1
91.8,164.1,82.2,56,24.2,58.7
103.3,176.6,81.1,57.7,27.3,73.5
87.3,179.3,79.2,56.3,26.1,65
87.9,174.5,41.3,54,23.8,60.4
108.1,174.7,105.1,59.1,27,97.3
88.6,173.5,73.4,54.5,27.2,53.2
94.3,178.9,91.2,60.2,26.9,80.8
103.7,175.5,86,54.9,24.8,74.9
83.6,169.9,76,56.5,26.5,60.1
97.6,169.2,85.2,54.5,25.8,68.9
108.2,163.8,115.6,58.5,25.7,90.5
105.1,177.5,86.8,57.4,27.8,72.1
90.1,172.5,87.5,57.1,27.1,72.3
102.5,177.1,96.8,56.1,27.6,86.5
85.4,178.4,74.8,60,26.9,63.5
105.4,178.2,92.9,55.9,26.3,82.8
87.7,171.9,75.4,54.3,31.7,62.5
112,172.9,102.5,59.4,27.3,85.1
97.5,181.8,88,58.1,28.2,82.5
107.4,178.8,86.4,57.8,27.1,84.5
109.4,167.7,104.4,57.4,27.6,91
109.8,176.5,97.2,58.1,25.8,83.5
89.5,176.6,84.6,57.9,26.4,73.1
96.9,174,87,56.9,26,75.6
91.5,177.3,67,56.1,26.3,59.2
100.3,178.9,84.4,58.9,27.5,69.8
99.8,175.1,84.8,55.7,26.1,73.3
106.1,176.6,91.4,57.1,26.6,84.2
83.3,168,93.9,56.1,25.2,53.1
97.3,177.1,79.5,54.9,27.2,72
88.4,169.2,78.1,55.6,24.6,56.2
90.3,174.9,87,54,26.9,59.9
106.9,187.1,105.9,61.1,29.5,97.4
104.8,176.4,95.3,58.2,26.9,81.5
89.6,173.4,84.3,55.9,27.1,67.8
96.1,175.4,83.3,57.6,26.2,64
93.1,167,85.6,55.3,25.4,68
100.6,168.3,86.8,54.4,25.1,71.8
84.8,164.4,71.3,55.4,25.9,55.4
107,174.6,95.4,57.6,30.2,83.7
97.9,170.7,85.4,58.4,27.3,66
100.4,188.6,83.7,58.3,29.4,84.7
100.1,178.4,85.6,59.5,26.7,78.1
94.4,169,90.8,56.8,26.5,66.6
104.2,182.1,91.6,61.5,28.1,88
111.7,176.6,100,57.2,27.4,89.3
101.8,174.8,97.4,58.5,24.7,87.9
122.5,170.8,105.7,58.2,25.6,98
91,178.7,76.8,55.7,27.2,68.3
102.1,178.1,77.1,56.6,26.2,68.5
92.3,178.3,81.8,55.2,27.8,73.4
91.8,176.5,77,55.6,27.4,60.6
98,175,87.8,57.7,26.5,71.5
110.8,178,105.9,59.4,28.2,101.4
95,179.2,93.2,58.3,28.2,82.6
103.6,173.9,105.8,60,27.4,87.4
89.8,170.2,81.1,55.7,24.3,69.4
98.6,168.4,85.5,56.5,24.6,66.6
84.4,176.9,96.5,55.8,28.1,62.4
89.1,168.1,78.9,58.5,26.5,55.6
93.8,186,88.3,57.7,28.2,83
98.4,171.9,81.9,58.4,25.4,73
90.2,176.4,79.7,57.3,27.1,65.9
95.1,172.5,79.9,58.9,27.6,67
102.9,170.9,93.2,58.6,26.5,76.1
85.1,173.4,76.4,55.2,26.1,57.9
93.6,171.4,81.2,57.4,25.7,73.9
128.1,187,127.7,59.1,29.9,128.8
95.7,178.5,87.3,57.4,27,68.1
96.5,166.8,84.1,58,27.4,66.9
111.4,173.9,107.9,61.3,26.1,97.3
98.4,170.9,80.3,58.5,25.9,65
85.5,183.6,76.7,58,28.7,66.1
100.9,167.2,77.5,56.9,24.7,62.1
91.3,176.5,77.6,57.2,31.5,62.3
103.9,186.1,89.7,59.4,27.6,83.3
93.1,175.5,104,56.5,28.5,69
98.2,177.7,87.3,56.7,27.1,69
107.8,171.5,107,57.1,27.1,87.3
111.1,177.7,90.7,59.2,27.5,85.3
115.5,178,106.8,61.3,27.1,98.8
116.8,167,109.2,58.3,26.2,94.4
108.1,189,98.7,62,28.8,102
92.8,162.9,82.8,59.3,24.8,57.7
85,173.1,71.9,54.1,28.2,57.3
107.1,172,88.9,57.4,26.3,83.1
82.2,175.6,73,58,26.8,52.8
104.9,178.6,89.3,59.4,26.1,78
97.7,174.4,85.4,59.5,27.6,73.8
94.4,167.8,83.1,56.2,26.6,64.1
87.2,170.2,75.7,54.7,26.1,57.4
108.2,169.8,97.9,61.2,26.1,81.7
96.5,180.5,102.4,57.3,29.8,74.2
95.8,174,80.6,58.4,27,64.9
111.2,186.6,111.4,62.2,26.7,108.2
100.7,174.8,85.3,59.1,27.9,69.5
101.9,175.2,86.3,57,26,73.4
101.4,171.3,90.8,56.4,25.7,71.5
95.2,176.1,86.5,58.8,28.8,71.4
97.3,175.8,81,55.9,27.8,63.1
91.9,173.1,84.9,60.5,26.5,62.9
96.2,180.6,87.1,59.8,26.7,71.5
87.2,175.8,77.9,56.3,26.5,60.1
104.5,176.2,94.4,58.1,26.3,89.8
95.1,174.6,89.8,58.6,27.2,74.4
87.7,179.6,78.5,54.6,28.4,63.6
91.2,172.2,84.2,56.2,24.9,76
94.6,172.1,83.9,55.1,27.9,63.3
85.6,172.1,69.3,56.6,25.9,54.3
102.5,184.1,84,57.6,29.1,81.6
114,176.2,101.6,59.1,25.8,96.4
98.1,166.4,59.1,58.5,24.8,71
115.4,173.1,112.6,59.1,27.7,95.3
96.1,175.1,81.5,58.2,27.4,61.5
110.5,175.5,101.7,62.5,28.5,97.4
93.7,177.5,79.8,57.4,28.7,66
102.1,163.5,92.2,59.9,25.1,75.1
104.4,180.6,88.3,58.6,26.3,71.4
81.7,185.4,72.7,57.6,28.5,54.6
101.2,178.1,84.6,59.5,26.8,73.7
90.9,171.6,80.8,60.1,25.7,65.4
95.5,161.3,88.1,60.5,24.4,61.9
83.6,173.3,75.6,56,29.2,58.8
101,184.7,94.9,59.7,27.4,83.6
103,179.5,92.4,60.8,25.8,76.5
105.9,174.2,96.4,57,24.9,80.5
95.3,174.9,86.7,59.3,26.3,74.4
110.4,176,103.8,60.4,25.9,92.5
90.1,168.2,81.6,57,26.8,66.7
109,184.1,99.3,60.8,27.9,86.6
94.3,181,85.7,59,27.7,73.8
103,168.6,91.9,56.2,25.7,77.3
100.2,170.9,86.9,59.7,24.6,73.9
83.7,164.7,86.2,57.1,23.8,49.6
95.1,176.9,82,59.2,26.5,73.6
111.9,175.4,107.7,59.6,27,93.7
89.8,169.1,81.9,55.5,27.1,62.6
98.8,171,89.9,55.7,26.2,75
103.2,179.2,96.2,57.3,28.3,86.4
121.9,181.5,119.5,58.6,28.8,113.3
104.8,190.4,93.2,62,28.9,92.9
99.7,168.4,84.9,56.5,24.9,65.3
83.1,172.6,75.7,57.9,26.2,58.6
92.6,169.3,76.4,55.3,25.8,57.9
109.3,174.2,106.1,58.7,29.9,97.8
124,179.2,111.9,59.2,28.3,103.5
107.9,181.2,108.6,59.3,28.9,95.3
109.3,178.9,95.8,56,28.5,87.2
87.8,166.9,79.4,56.1,25.4,60.3
93.3,172.5,79.4,56.8,26,62.2
94.8,173.9,80.1,57,28,71
105.9,174.2,90.9,57.5,24.6,81.3
95.6,172.5,88.3,56.2,27.3,68
102.6,174.2,115.6,55.1,26.6,74.4
111.9,182.4,103.6,60.2,26.9,93.8
112.5,172.5,102.8,59.6,25.8,90.8
111.6,179.7,100.2,59.7,28.5,94.2
89.8,168,80.2,57.6,25.7,59.8
93.9,174.2,105.7,56.9,27,74.2
95.3,192.1,84.9,58,28.3,74.5
91.1,176,85,57,25.5,63.4
114.6,177,101.4,61.1,25.5,107.8
98.5,168.8,76.1,56.4,25.6,62.3
96,174.5,78.1,57.1,26.5,62.7
91.3,171,75.2,58.4,26.5,56.1
119.5,174.3,122.5,58.4,27.8,117.9
119.9,177.3,112.2,62.6,28.2,103.4
102.9,169.7,85.5,57.6,26.5,74.7
85.7,168.8,74.8,55.1,23.9,60.3
97.5,172.4,72.9,56,26.4,60.3
99.8,176.7,93.2,57,26.8,81.8
105.1,171.8,87.8,58.6,25.8,74.9
86,169.6,67.6,57.2,24.7,52.5
92.8,181.9,78.7,57.5,28.7,70.7
90,177.9,77.2,55.3,25.1,61.5
103.4,180.1,92.3,58.3,26.4,81.7
88.7,170.2,77.7,54.9,24.4,59.6
89.3,176.2,80.5,55.7,26.1,56.7
92.9,177.4,83.3,58.4,27.8,69
101.8,173.5,88.3,57.6,25.4,70.6
114.8,183.6,115.5,62.6,29.6,123.6
102.5,181.6,85.2,56.4,27.9,73.9
103.8,186,100.5,57.3,30.3,98.1
95.7,170.6,77.7,57.7,26.6,58.2
96,169.8,91.5,58.1,25.9,73.6
101.7,167.9,90.8,55.4,26.2,67.5
96.1,181.4,93.6,59.8,27.8,77.4
102.8,180.3,89.8,57.9,27.7,80.2
92.8,173.5,78.1,57.9,26.4,71.9
108.4,174.7,96.5,56.5,26.7,86.6
87.6,169.8,77.2,57.7,26,61.5
97.5,171.5,87.3,57.9,25.7,74.2
95.2,180.8,72.3,58.4,27.4,65.3
98.1,170.8,83.7,60.2,26.6,65.4
80.3,167.2,74.3,55.9,24.9,53.4
97.7,172.1,81.5,54.6,28.1,63.1
92,190.3,78.7,61.7,29,71.9
100.2,171.7,91.3,57,26.7,82.3
81.1,177.4,75.4,57.5,27.2,56.5
102.7,177.7,91.1,57.5,25.5,83.5
94.6,177,80.1,57.5,26.4,70.8
100.6,182.8,80.3,54.9,27.4,76.6
86.1,175.8,73.1,56.5,25.8,60
102.8,172,102.7,57.9,26.2,91
83.6,171.7,75.4,58.5,27.2,55.2
99.8,177.3,88.2,57.4,25.8,77.2
98.8,174,94,57.1,25.4,71.5
101.9,184.3,95.7,58.5,26.6,87.8
97.4,172.4,93.9,58.9,26.6,73.4
94.5,172.6,84,56.4,25.6,62.4
90.5,162.1,82.7,58,25.5,57.4
88.8,175.6,85.7,55.9,26.5,63.9
82.8,172.8,66.1,55.3,24.8,52.1
90,170.5,71.7,54.4,24.5,55.8
100.1,179.6,100.7,59.1,28.6,89.4
102.2,171.7,86.6,54.2,25.5,72.7
91.8,171.5,86.4,59.1,26.8,69.9
100.4,167.8,85.1,59.4,26.5,68.2
85.9,171.4,76.2,59.9,26.9,58.1
97.9,180.6,89.1,59.8,27.2,75.7
84.7,170.7,71.2,54.8,25.2,56.6
94.9,171.9,77.5,58,24.6,58
87,171.6,72.2,57.7,25.1,54.3
116.8,177.2,105.7,57.2,26.6,101
106.4,183.1,104.4,59.1,29,95.4
91.2,175,90.3,55.3,26.6,63.4
117.3,176.6,107.4,60.2,28.1,97.8
99.6,168,80.5,55.9,26.8,68.1
79.9,179.1,69.4,55.7,26.1,60
88.5,168.8,71.8,56.6,24.6,56.3
83.1,174.5,71,59.9,24.3,52.3
110.4,175.6,101.1,58.9,26.3,83.8
96.9,168,92.3,59.8,25.7,70.1
97.1,175.7,64.1,55.2,25.6,69.8
92.9,173.7,85.4,57.4,26.8,64.1
97.2,178.6,82,58.7,26.8,65.2
81.9,172.4,65.7,57,26.2,48.1
105,176,90.3,55.6,27.5,81.9
93.9,178.8,85.2,57.5,30.7,74.4
90.2,180.4,77.8,57.8,27.1,59.7
109,177,95.6,58.2,26.5,94.9
96.7,170.4,81.3,55.9,27.6,60.5
81.4,162.1,68.7,57.1,24.8,40.7
96.4,161.5,81.2,56.5,26.1,63.8
88.6,178.7,69.2,54.2,27,62.2
86.9,185.2,92.2,59.2,27.2,77.3
117.8,180,110.4,57.7,27.6,107.9
95.9,166.6,81,56.2,26.4,66.1
99.2,176.2,83.4,62.1,26.4,67.9
100.4,181.3,86.3,58.7,27.3,80.9
97.8,173.8,95.1,56.1,28.5,80.3
100.7,171.7,88.1,56.4,25.5,69.7
93.6,178,83.9,58.5,27.2,74.9
98,181.8,87.2,59.3,27.9,74.7
98.9,181.9,87.3,56.2,28.2,84
100.2,177.9,94.9,57.9,27.1,82.2
88.3,172.6,72.7,58.7,26.3,59.6
103.3,172.6,88.5,57.2,25.8,79.9
117.2,181.7,112.2,60.4,28.7,109.2
104.7,173.4,93.8,58.2,25.4,78.4
93.1,175.3,87.9,56.6,29.6,84.6
92.9,162.3,77.9,56.6,24.3,58.2
84.7,174.1,64,58.9,27,58
108,173.2,96.8,57.6,27.4,88.6
79.5,164.9,68.9,53.1,25.3,44.7
109.3,180.1,101.3,58.8,28,88
85.8,186.6,73.4,59.3,27.5,63.1
92.6,166.4,78.3,54.3,26.6,58.6
101.4,175.8,98.4,60.4,28.7,87.5
104,175.3,85.9,59.2,26.3,74.4
108.4,167.8,109.8,60.5,26.1,92.3
106.1,177.4,97.5,58,26.8,86.1
102.2,171.8,87.1,55.9,25.7,75
108.4,183,94.7,62.1,27.3,83.4
116.9,176.9,105.6,62.1,28,100.1
93.9,189.3,85.8,61.2,27.9,80.1
98.1,172.4,93.9,58.8,24.5,78.7
90.9,179.7,76.4,56.3,26.4,58.9
106.8,171.5,99.1,58.3,28.5,89.7
92.8,181.9,78.7,57.5,28.7,70.7
84.4,174.2,77.8,57.8,25.9,55.8
96.3,177.6,89.1,53.7,27,74
105.2,172.3,97,59.9,27.5,85.8
97.1,172.9,93.6,57.8,26.6,73.2
81.2,174.1,71.5,60.2,23.4,53.1
87.3,176.1,66.7,57.6,24.5,58.2
97.9,171.4,94.9,59.4,26.7,77.7
95.4,175.1,92.3,58.1,26.8,60.8
82.3,170.5,71.7,57.5,25.9,57.4
100.1,172.5,100.2,54.2,25.8,75.5
87,166,74.6,56.5,24.2,54.8
91.9,174.3,79.1,59,26.3,62.2
110,169.6,102.2,58.3,25.9,93.8
104,170.9,94.8,58,25,79.3
112.2,175.6,109.5,61.1,28.6,102.7
98.3,172.4,87.2,56.2,30.2,70.2
97.7,171.9,88.9,57.2,27,74
100.6,174.1,91.3,59.4,26.9,84.5
84.9,172.3,75.2,58.7,26.7,57.7
91.7,165.8,87.2,56.5,24.4,59.6
111.3,185.5,103.1,61.2,28.2,98.8
99.3,180.4,85,56.8,28.1,69.8
89.5,176.2,80.8,57,26.1,60.2
112.2,187.5,102.2,59.4,29.7,91.1
107.2,171.1,96.3,60.5,26,78.8
107.3,170.3,95.1,58.8,26,82.3
94.9,168.9,82.8,57.9,25.7,68.7
89.2,171.3,75.8,56.3,26.8,58.8
95,175.3,83.6,57.9,26,72.7
98.5,173,80,56,26.3,63.6
92.9,170,86.9,57.3,26,67.6
104.7,177.5,88.3,58.5,27.1,81.2
91.5,161.3,74.2,56.9,23.8,53.6
108.5,165.5,101.6,57.1,25.7,86.4
87.8,173.8,77.8,55.6,25,60.5
98.9,174,87.1,57.6,26.5,70.5
84.1,175.9,72.1,56.6,24.4,54.8
98.8,174.8,82.7,56,28.2,67.8
106.5,178.9,97.9,58.8,28.4,91
96.7,178.5,89.6,57.6,26.7,75.7
83.1,174.2,69.2,57.4,25.9,57.7
100.2,179.3,86.6,55.9,28.1,73.7
100,181.6,92.1,60.1,27,86.3
86.1,172.9,74.1,56.5,25.5,53.3
89.7,166.2,81.2,59.8,24.8,60
99.3,172.2,73.7,58.2,25.1,75.8
106.5,176.7,98.6,59.7,27.3,83.8
113.8,175.6,103.3,59.7,25.8,94.5
87.9,170.5,80,57.2,26.3,62.8
94.7,174.5,87.8,57.3,27.1,63
95.7,167.3,87.1,52.4,24.6,78.2
104.5,181.9,90.3,59.6,26.8,81.7
88.6,177.5,76,56.7,28,60.6
101.8,173.5,88.3,57.6,25.4,70.6
115,180.9,104.1,54.6,27.1,101.5
95.7,179.5,84.3,56.3,25.7,74.4
92.2,179.5,84.3,57.8,27.9,71.4
101,171.1,90.4,60.4,28.4,78.1
95.7,187.4,92,60.4,28.3,90.3
97.5,177.8,85.6,58.7,29.2,75.1
108,174.5,102,60.6,28.5,92.6
100.1,179.9,78.7,59.4,28.1,70.7
88.9,165,80.6,57.8,25.4,60.7
99.7,174,75.6,57.9,25.4,67.5
98.9,168.9,88.8,61.7,26.4,67.9
110.3,169.7,102.9,59.7,26.7,87.1
86.9,174.1,76.2,56.5,26.9,61.5
104.4,175.4,96.2,60.1,27.7,85.6
94.7,176.3,81.4,62.3,26.5,74
116,173.1,103.1,57.6,27.4,95
87.1,169.3,75.8,60.4,25.5,59.7
117.3,182.2,99.1,59,28.8,96.1
87.4,169.4,74.3,57.2,26.3,53.3
102.4,179.2,89.5,57.1,26.4,78.3
113.1,180,101.7,58.6,28.8,95.7
121.4,169.7,108.5,58.3,27.6,100.7
91.8,169.9,71.4,58.3,26.8,56.5
86.8,179.4,87.9,54.8,27,55.9
99.5,175.3,90.6,58.6,27.4,74.4
97.2,170.7,79.7,58.2,27.3,63.5
98.2,174.7,87.2,57.6,26.8,67.9
103.8,162,97.8,60.6,24.4,78.8
92.1,174.1,74.2,57,26.6,59.7
100,173.2,80.8,60,27.7,73.5
91.4,169.2,84.1,61.9,25.3,70
112,177.1,104.9,56.5,26.5,93.6
104.7,180.7,103.9,59.6,28.4,97
94.5,172.4,73.3,56.3,26.2,59.7
88.3,172.9,74.4,58.6,25.5,57
97.5,179.8,87,63,28.4,69.7
102.2,166.3,89.8,55.2,24.8,79.1
97.4,170.2,84.6,56.5,25.4,69.4
103.5,170.5,101.2,58.3,27.2,80.2
108.9,171.9,97.3,56.1,26.2,94.7
87.5,183,77.4,58.6,29.3,61.4
97.3,171.7,75.7,60.9,25,63.4
104.9,168.3,96,60.2,26.1,81.3
108.6,188.3,97.9,58.2,27.4,90.3
91.5,178.4,86.2,62,28.3,77.8
91.3,168.9,62.2,56.3,26.1,59.2
97.4,172.9,95,57.5,26.2,77
100.3,177.3,90.5,55.9,28.3,70
96.1,181.3,93.9,59.8,27,89.3
94.4,170.3,73.7,55.7,24.4,59.7
93.2,176.3,110.2,53.4,26.2,80.3
99,176.3,91.4,55.5,26.7,81.1
96.6,176.4,89.1,60.2,27.1,75.4
88.1,176.8,77.4,56,27,63.7
96.2,180.5,92.9,56.9,29.5,87.6
97.4,178,80.6,55.9,27.7,66.9
99.7,179.9,83.4,57.4,25.6,69.3
92.6,175.6,83.4,55.7,26.3,60.8
95.8,177.2,79.2,54.1,28.4,77.6
90.9,167.4,76.5,55,25.5,56.3
91.6,169.8,96,61.5,24.9,74.1
93.8,175.9,86.4,58.1,27,71
97.4,174.8,95,59.5,26.8,74.7
96.4,180.8,79.4,56.9,29.3,66.8
99.1,190.9,91.3,59.8,28.9,87.3
97.1,179.4,87.4,57.5,25.3,72.8
91.8,177.8,84.1,57.8,27.2,78.8
89.6,172.2,77.8,56.1,26.1,56.3
91.7,168.6,83.7,56.4,25.7,64.5
88.1,183.1,81.8,56,27.5,65
100.7,167.3,87.9,58.9,26.4,73.2
104.4,175,90.6,59.2,26.9,74.1
97.7,177.6,87.9,57.6,29.1,79.9
92.4,171.2,84.6,59.3,26.4,63.6
93.6,171.7,71.1,60.5,25.4,48
91.9,167.8,77.4,57.9,25.1,58.1
86.9,168.1,71.5,57.5,25.5,52.5
105.5,177,70.7,58.2,26.1,86.7
99.6,176.5,90.2,57.3,26.3,74.6
104.5,173.3,95.1,59.4,27,81.8
88.5,169,75.2,58.6,26.4,53.5
96.8,183.5,87.9,56.5,27.2,71.2
94.5,176.5,80.6,60,27.1,72.7
93.7,168.3,80,57.7,25.5,54.9
81.2,170.5,64.7,58.1,27.6,45.1
91.8,170.2,84.6,55.5,27.2,60
83.9,179.5,73.2,55.4,27.6,62
99.3,171.7,85.1,56.4,27.2,68.4
97.1,181.5,89.1,59.2,28.9,86.2
103.1,185.4,83.7,59,29.9,76.2
91.6,162.2,88.1,59,26,62.8
93.2,166.3,79.4,56.1,24.6,58.9
88.1,179.3,75,59.9,26.8,61.8
113.2,173.8,92.1,60.3,25.7,73.8
95.8,174.2,92.6,60.8,27.8,77.5
93.5,179.6,80.7,57.7,27.4,61
92.3,168.5,83.4,61.4,26,66.4
89.4,167.8,82.2,57.8,26.2,64.9
93.4,174.3,86.6,57,24.3,68.3
116.2,186.7,105.8,58.6,30.2,100.2
90.2,174.7,88.5,58.5,26.5,65.5
104.6,176.2,85.3,56.5,27.1,79.1
91.7,172.5,79.3,58.3,28.4,62.3
95,172.3,81.5,57.5,26.2,61.5
89.3,171.7,75.1,56.4,25.6,60.5
97.5,172.6,83.7,55.7,26.6,61.5
83.6,173.7,72.4,55,26.6,50.2
101.6,172.6,81.9,58.4,24.8,65.7
102.9,173.6,100.5,57.6,27.1,88.2
92.7,174,75.8,57.1,26.8,62.7
102,169,92.8,58.7,25.6,78.3
107.9,181.7,92.8,62.5,26.9,82.9
89.6,184,81.5,57.9,26.8,66.4
85,167.1,76.2,55.4,25.5,49.3
90.6,171.1,78.1,55.1,25.3,60.3
97.3,180,84.9,56.7,29,72.8
99.5,174.4,98.8,58.6,26,85.3
108.2,173.6,94,58.6,24.5,83
96.6,180.3,81.8,60.1,28.1,65.3
98,165.8,82.1,56.5,26.7,68.9
83.7,174.8,122.1,52.1,25.8,74.4
106.1,183.8,103.1,57.6,28.1,86.8
90.9,169.7,87.4,59.5,26.5,63.8
96.9,177.8,81.6,54.9,26.9,65.5
92.5,178,84.3,58.3,25.3,70.3
98.4,175.5,83,55,25.3,72.3
91.9,174.2,86.4,59.5,26.6,69.5
106.2,173.4,95.6,56.9,25.3,85.4
101.1,172.9,91.2,59.3,26.9,80.6
93.8,179,85.8,57.7,27.3,72.4
110.9,164.4,104.2,58.6,26.3,88
98.4,166.2,85.3,56.4,25.4,67.6
84.8,177.6,76.1,59.4,27.9,61.6
91,173.9,76.5,58.3,27.9,62
99,183.2,109,61.7,26.5,98.6
108.6,177,91.2,57.7,26.8,80.2
97.6,171.3,95.5,58.5,26.1,75.9
85.9,176.7,88.8,57.9,26.7,51.9
99.5,178.6,92.8,56.2,25.7,79.3
92,172.6,75.2,57.5,23.7,65.1
101.4,168.2,98.2,58.2,27.2,81.9
101.2,171.9,90.9,56.9,26.9,78.3
96.2,167,101.7,57.3,25.4,77.9
91.3,164.6,77.3,55.5,25.8,60.6
81.1,162.3,76.9,56.8,23.7,45.8
96.8,170,68.7,55.2,27.2,63.4
99,169.3,97.6,58.1,25.9,74
93.2,173.5,75.2,55.3,27.5,63.2
97.5,175,86.6,61.7,29.6,76.7
98.2,166.6,83,57.6,24.8,58.9
99,173.7,90.5,52.7,24.8,86.1
94.5,183.5,87.9,60.6,27.6,71.4
113.8,184.9,103.5,58.6,28.3,104.9
101.1,165.1,93.8,57.9,23.9,74.7
93.9,172.7,83.1,55.9,26.4,68.5
95.8,178.1,84.1,59.2,26.3,69.8
102.6,187,92.5,58.9,29.2,83.8
109.3,172.4,90.3,56.1,27.8,84.5
81,165.7,71.7,53.7,25.3,51.9
98.2,176.8,82.1,58.1,26.7,68.7
90.4,176.1,80.8,56.9,27.8,64.2
107.9,177.8,88.4,56.1,28.3,80
88.2,182.6,80.2,58.8,26.5,69.8
102,174.9,88.8,59.5,26.9,71.7
90,170,79.3,59,25.7,64.6
90.2,177.5,82.6,58.2,26.6,65.2
91.2,181.2,81.3,56.3,27,70.9
90.1,175.4,88.6,59.3,27,62.2
96.2,175,84.1,58.4,25.8,71.5
92.1,178.1,81.6,59,27,67.5
86,183.2,77,56.6,25.5,61.9
103,180.6,85.9,59.5,27.1,77.8
100.9,172.3,91.5,61.3,25.1,84.1
84.9,171.7,65,55.1,26,46.6
85.5,179.8,76.6,59.1,27.2,58.3
101.1,174.6,82.5,57.6,26,67.4
81.5,172.6,69.2,56.3,26.6,50
94.4,184.7,91.2,57.1,28.7,77.1
102.5,177.4,97.8,57.3,27.2,86.3
94.7,176.8,79.4,56.5,28.1,67.6
96.5,173.4,86.8,58.5,27.7,76.8
102,168.8,93.6,58.4,24.7,80.5
100.9,178.3,91.4,60.1,28.4,79.6
114.1,175.5,97.4,59,27.8,88.3
102.1,177.8,87.9,58.4,28,84.5
90,181.2,88,58.7,27.4,57.4
111.1,175.4,104.1,56.8,27.2,99.4
92.7,171.7,80.6,56.8,24.9,58.3
102.8,178.9,83.6,60.6,27.4,82.4
95.6,171.6,69.5,57.2,26.6,55.5
83.7,172.8,74.5,59.8,25.8,53.6
102,174.4,91.8,58.3,26.1,73
92.8,168.7,80.6,58.1,26.8,70.7
103.8,164.4,87.1,56.3,24,68.9
109.7,169.3,103.7,57.8,27.2,94.3
97.7,174.8,85.4,55.5,26.3,67.4
83.4,178.8,67.9,52.8,28.7,59.5
102.1,168.3,93.4,61.8,24.8,73.9
85.9,171.2,74.3,58.9,26.4,54.6
94.1,169.5,75.5,55.6,26.3,59.3
86.6,174.9,72.9,58.2,31.4,64.3
102.8,182.3,91.1,59.4,27.8,83.8
96.4,170.8,91.8,57.2,25.2,76.6
88.4,176.7,76.7,58.2,26,56.6
98.2,178,93.8,60.2,25.7,84.7
102.8,177.8,85.7,57.9,28.5,76.8
88.3,175.2,80.5,55.6,27.4,68
100,176.2,87.6,57.4,26.1,81.1
100.7,174.1,97,52.6,27,95.5
96.8,170.3,86.5,58.9,25.7,67.5
97.5,188.3,90.3,54.6,29,89.5
100.4,164.7,87.8,57.4,25.5,71.7
95,178.2,87.8,62.9,27.1,71.6
100.1,189.5,100.2,58.2,29,81.6
105.2,172.4,103,57.4,27.1,85.5
95.8,180.3,81.7,57.9,27.6,70.4
88,179.6,69,59.8,25.1,58
98.6,176.8,84.2,57.7,26.9,75.7
111.4,167.3,96.7,60,27.8,83.5
99.2,181.6,86.3,57.4,27.3,72.6
93.1,170.6,90.2,52.4,24.6,78.5
100.5,182.4,83.4,56.4,27.3,70.9
86.9,168.3,79.2,58.4,25.1,57.7
90.6,174.5,72.1,56.8,25.3,56.1
92.4,175,79.8,59.2,26.7,60
102.7,184,91.7,57.5,25.8,81.3
94.6,169,79.6,57.1,24.9,60.6
102.9,180.9,93.4,60.8,27.8,78.5
81.4,166.4,67.9,56.2,23.7,47.1
97.9,178.1,91.9,57.3,27,80.6
93.3,164.7,85.8,59.3,24.1,63.8
94.4,180.5,84.9,56.1,27.2,67.2
99.3,170.8,92.7,60.6,26.4,80.7
98.3,170,87.3,56,24,69.1
88.8,166.3,74.2,55.8,26.2,58
89.2,172.5,80.6,55.3,25.4,64.4
88.5,178.2,82.2,60.7,26.3,68.2
100,173.7,91.9,55.8,27.3,75.1
91.2,166.8,88.8,53.4,25.6,68.6
96.1,180.6,85.9,58.7,27.4,73.4
84.6,181,74.6,59.2,26,54.4
87.6,168.3,73,57.1,23.8,54.1
95.5,182.1,86.8,62,27.8,77.3
95.9,164.8,82.8,56.7,24.6,62.7
93.1,175.7,87.9,56.6,27.8,71.4
107.1,181.8,78.7,59.8,26.7,87.4
87,177.2,78.9,60.5,26.2,61.2
94.8,175.8,82.4,59.7,26.6,59.4
89.1,178.9,80.6,52.1,26.7,79.9
92.8,170.8,74.3,56.4,26.4,64.6
99,171.4,88.7,58.5,25.1,72.4
97.7,165.3,84.1,58.1,26.1,65.2
115.3,174.6,104.8,59.9,26.6,105.4
90.6,172.4,77,55.3,26.5,59.7
82.9,169.4,74.2,57.2,25.4,65.1
97.1,177.8,80.6,57.6,25.8,68.2
112,173.6,113.2,57.2,29.2,99.7
98.6,174.4,70.6,55.8,26.5,75
85.4,169.7,80.9,62.2,25.2,65.9
99.4,176.6,89.5,57.8,26.7,74.4
84.1,172.9,79.1,57.8,25.9,62.7
94,172.8,66.6,53.3,26.5,73.4
103.6,169.4,95.2,60.1,26,75.8
91.1,176.9,71.8,56.6,26.3,58.7
98.5,174.3,90.4,57.7,27.2,76.2
99.1,171.1,87,58.9,25.3,69.9
87.7,179.6,72.3,55.1,27,59.5
113.9,173.6,160,56.1,23.9,54.4
95.7,177.4,84.3,57.8,26.5,74.1
96,173.4,79.4,58.4,24.9,66.3
83.1,172.8,69.5,59.3,26.2,58
103,174,95.7,56.8,25.5,85.7
87.3,169.5,79.3,57.8,30.1,60.6
98.6,171.9,87.4,55.6,26.6,66.3
97.1,176.8,90.5,58,28.5,81.2
108.6,165,99.2,57.9,27.5,77.7
83.3,169.4,74.7,58.6,26.1,57.8
100.8,164.1,89.8,58.2,25.9,70.5
102.5,175,90.4,58.4,27.2,84.4
95.7,174,86.1,57.9,25.8,67.4
95.9,183.3,82.3,57.1,27.3,73.2
97.4,181.2,84.3,56,27.3,72.6
93.2,175.6,84.5,57.8,26.8,69.6
92.4,170.9,74.4,54.9,25.1,64.4
91.9,178.4,84.3,59.4,27.6,63.5
94.7,174.5,74.7,54.8,26.3,65.5
85.8,179.7,75.8,58.8,27.6,59.7
97.2,173.1,83.2,59.3,24.9,74.4
88.7,176.6,70.6,59.3,26.3,57.9
94.3,171.6,77.1,57.3,26,58.7
93.5,183.2,87.5,60.5,29.4,75.4
105.6,180.6,101.7,62.4,26.6,85.1
91.7,168.4,82.1,58,25,60.1
96.5,172.1,87.3,58,26.7,65.2
89.3,169.5,87.5,60.9,26,64.1
95.9,178.9,90.2,59.6,28.3,79.2
92.6,183.2,78.4,57.3,27.5,66.4
97.3,175.3,82.2,59.8,25.9,71.3
95.4,169.9,90.2,57.8,26.2,70.5
105.9,164.1,101.3,59.2,24.3,82.4
84.7,164.4,68.2,56.7,25,50.1
94.1,179.4,89.2,59.7,27.9,74.2
93.6,168.2,79.7,57.9,25.7,64.5
93.9,177.1,80.2,55.9,26.8,67.5
95.1,173.8,82.1,59.5,25.5,69.7
104.5,177.4,92.4,55.1,28.6,83.5
79.3,173.6,72.7,57,27,59.6
94.3,164.1,87.4,56.1,22.6,63.5
92.7,170.2,84.7,52.5,27.3,67.9
93.4,178.9,81.9,54.4,25,63.5
94,167.9,85.3,57.4,26.1,65.6
106,176.8,99.7,59.3,27.8,93.1
96.5,183.4,95.7,55.5,29,83.7
94,172.8,66.6,53.3,26.5,73.4
84.1,168.1,77.3,60.3,25.9,56.7
121.3,174.9,91.7,57.5,26.3,106.4
86.1,176.1,77.7,59.3,28.4,62.7
104.4,176.7,95.3,59.6,29.1,86.3
92,178.9,90.8,61,26.9,81.7
97.4,174.6,85.1,60.1,26,69.6
96.7,172.9,90.3,58.9,25.8,66.7
93.1,165.1,81.8,56,26.2,64.1
107.3,167.8,96.6,58,25.5,79.6
116.3,175,105.5,58.2,27.5,99.8
95.9,165.6,84.7,60.5,24.1,68.3
101.1,174.5,87.6,58,26.2,77.4
93.5,177.8,86.2,60.1,28.7,78.1
100.6,173.9,88.1,58.9,27.3,69.5
92,179.8,80.2,56.7,26.3,57.8
95.5,183,77.4,54.7,28.2,69.4
109.6,178.4,102.8,60.9,27.9,95.4
94.8,181.2,84.7,58.8,26.4,66.5
89,176.6,79.4,57.4,27.2,63.5
95,172.8,78.2,58.4,27.6,67.9
105.8,169.5,106.6,58.8,27.1,90.5
95.8,181.5,88.8,60.2,26.9,68.4
100.1,178.7,93.9,60.8,27.9,85.4
83.8,177.6,86.7,59.2,27.7,58.7
106.3,181.6,93.8,56.7,28.7,83.1
99.1,164.3,90.7,56.4,24.7,69.3
86.5,182.5,77.2,52.4,27.1,74.8
96.3,171.7,82.6,57,25.6,66.6
88.2,179.7,74.7,56,26.1,66.4
94.4,183.1,83.5,59.2,26.4,74.1
91.7,167.3,81.7,58.6,25.8,55.4
104.4,183,91.1,59,27.1,82.6
94.9,169.9,82.7,58.2,24,66.8
96,175.1,83.4,56.2,26.7,65.2
86.7,176,77.8,58.5,27.2,59.1
113.5,187.5,102.2,60.5,28.4,92.1
96,189.4,88.3,59.9,28.9,83.4
91.3,171.2,81.5,57.8,25.2,62.5
96.3,169.1,85.6,57.5,25.9,69.8
92.1,172.3,79.6,55.6,25.1,59.1
95.5,182.6,90.7,56.7,27.3,82
87.3,174.1,71.7,55.3,25.9,58.3
87.9,173.3,74.2,57.4,27,65
90.1,174.2,79.1,56.3,28.1,64.3
98.4,179,85.3,57.1,26.8,76.5
97.2,170.1,85.6,59.2,25.9,64.8
94.9,193.3,94.9,57.9,31,81.3
95.3,176.5,82.8,57.2,27.5,73.4
95.3,179.8,83.7,58.8,26.5,73.6
97.3,181.6,82.4,56.1,27.4,71.5
100.1,174.3,91.5,60.7,27.3,79.5
101.4,174,90.8,55.9,26.6,72.7
83.4,171.3,71.2,56.5,25,57.4
105.1,183,88.9,59,27.7,77.9
90.3,182.4,82.1,60.4,27.9,75.7
99.9,173.9,88.7,58.2,27.6,79.1
98.4,169.1,87.9,58.6,26.4,67
103,180,97.4,58.3,28,81.1
113.3,165.9,108.2,58.1,24.9,93.8
119.1,187.8,110.6,62.8,33.1,122
92,160,84.4,59.4,25.1,63.4
101.2,174.1,93.9,58.3,25.1,79.5
92.7,181.4,78.7,58.4,26.6,70.3
108.5,180.6,100.9,59.7,25.9,92.6
99,178.9,81.7,60.2,28,74.2
99.9,174.6,78.4,58.9,27,70
96.1,171.8,85.1,59.3,26.2,70.5
92.7,172.5,84.9,57.3,27.8,70.9
95.9,178.8,84.5,58.6,29,71.7
116.7,175,110,58.6,27.3,96.3
80.3,177.2,72.2,52,25.8,56.3
83.4,180.9,80.4,57.4,26.3,60.3
89.8,167.6,83.9,56.5,25.5,66.5
100.4,187.8,91.8,58.8,29.2,83.3
86.5,167.2,77.5,60.8,25.1,64
101.5,162.8,92.6,57.8,24.8,76.4
106.5,182.5,96.4,60,28.4,93.9
89.9,178.1,82.4,55.9,27,57.2
91.2,170.9,75.5,58.2,25.7,60.3
92.7,174.9,76.1,56.9,26,61.4
102.4,172,89.9,59.3,26.5,77.3
91.9,173.5,81.9,57.7,26,58.2
105.4,176.5,98.8,59.5,27,91.1
100.9,172.9,66.7,60.1,29.8,82.9
76.8,166.4,64.6,57,24.4,45.7
109.5,172,90.6,56,24.5,73.4
83.9,170.6,75.2,57.4,26.2,56.7
87,173.8,69.3,53.6,26,52.2
80.1,173.2,65,54.3,25.5,46.8
98.4,174.5,64.6,58.3,27.2,76.1
94.3,188.2,83.8,61.9,28.5,84.2
91.7,163.4,75.6,58.4,25.7,58.4
101.2,176.5,93.8,58,27.6,87
97.9,175.4,76.1,55.3,26.7,68.5
82,169.8,69.3,56.2,25.7,52.4
100.9,183,89.4,59.9,26.6,74.4
104.8,181,95.4,61.3,26.7,82.7
92.8,173.7,71,55.3,25.4,55.9
92.3,181.1,79.9,59.7,28.2,71.7
90.9,173.1,87.6,56.8,26.8,59.4
76.7,170.8,69.4,56,25.8,50.2
92.2,170.2,84.9,56.1,27.1,63.4
89.6,182.2,84.7,58.7,26.9,65.9
115.4,179.5,100.9,60,28.3,103.7
94,173.3,82.6,60.2,26,68.7
96.8,171.9,74.4,57.9,25.8,64.8
85,174.1,75,57.4,26.8,55.9
86.6,168.5,77.1,54.9,26.4,58.6
87,178.4,68.9,54.3,25.9,63.6
111.7,179.9,103.8,56.9,28.7,96.6
88.4,183.2,73.1,61.2,27.2,62.1
95.4,171.2,83.1,56.1,25.3,64.8
91.6,182.5,85.3,60.5,26.2,66.9
95.9,178.2,89.9,56.1,28.6,66.3
88.8,180.4,75.5,59.5,26.7,69.1
89.2,171.3,73.4,56.3,26.3,54.7
91.3,175.8,85.3,56.2,26.4,72
104.9,168.1,92.2,57.2,24.5,74
80.8,168.9,71.2,58.5,24,53.5
93.7,166.5,80.9,59,25.2,64.5
93.5,165.8,92.6,57.8,25.5,69.9
89.5,171.9,71,58,25.4,53.8
99.5,179.9,99.2,56.3,28.1,93.2
101.5,171.7,82,58.3,25.9,65.5
82.7,175.1,72.1,54.8,27.9,55.1
91.9,175.8,75.9,56.7,26.8,56.2
104.4,182.9,91.5,62.4,28.9,82
95.2,172.2,81.7,56.5,24.4,61.8
98,180.4,93.6,59.9,27.1,76.5
89.4,177.2,73.6,52.4,25.4,60.2
85.5,169.3,75.4,55.4,24.2,60.7
97.5,169.8,91,57.5,25.5,70.9
82.5,173.7,80.1,57.3,26.2,62.5
109.7,185,67.9,58.3,28.2,96.3
96.3,175.9,83.6,59.6,27.6,78
100.7,168.7,90.9,57.5,27.2,73.5
105.7,168.8,94,60,24.3,86.8
98.3,169.1,83.8,57.9,25.8,63.4
114.8,184.9,110.4,57.6,25.9,105.5
105.3,177.2,89.1,59.4,25.9,83.3
94.9,176.6,77,56.5,25.9,69.2
97,170.4,84.8,60,25.8,67.2
99.1,175.5,81.8,58.5,25.9,71.7
105.5,169.2,96.7,56.7,27,77
93.6,176.8,81.8,60,27.3,68.1
108.3,180.3,101,60.5,25.8,89.3
97.9,181.5,93.5,58.4,27.5,87.9
102.5,175.6,86.3,60,28.3,73.4
102.7,175.6,91.9,58.2,27,83.5
82.8,174.1,73.1,55.9,26.6,55.7
100.4,176.9,90.3,58.9,26.5,77.8
93.6,167.3,78.4,54.7,25.7,60.5
103.1,176.2,91.7,57.4,26.9,81.3
92.6,174.3,81.5,57.9,25.7,60.2
89.2,178.7,81.4,57.7,28.8,70.9
101.8,183.7,91.6,58.5,27.2,69.6
80.4,165.3,70.3,58.8,24.1,44.1
108.6,172.4,100.4,57.5,27,87.3
95.2,175.3,85.5,56.3,27,78.9
96,177.1,81.1,57.3,27.3,73.1
102.4,179.1,93.8,60.7,27.4,79.2
98.8,168.5,84.6,56.9,24,68.2
86.9,173.8,77.8,55,27,65.5
94.7,171.4,95.6,59.3,27.1,68.6
93.4,180.2,79.3,57,27.5,70.7
113.3,176.9,107.1,56,28.3,93.6
97.1,186.4,90.3,60.1,28.1,85
79.5,172.3,71.2,57.3,26.5,53.7
88.8,176,78.5,57.2,25.7,65.7
90.2,168.4,74,56.4,27,53
84.4,178.4,75.4,55.9,27.8,57.6
106.7,170.1,101.9,56.6,27.4,77
84.1,166.6,72.5,57,25.6,52.6
101.5,184.9,93.8,58.1,27.8,89.5
88.2,193.7,75.6,55.2,29.5,70.6
89.8,180.4,79.8,57.3,26.1,61.7
89.1,176.2,76.9,57.3,27.3,64.1
110.3,185.2,98,58,28.6,89.3
85.1,170.9,72.3,56.8,25.6,56
95.5,169.3,76.4,58.3,27.8,63.8
86.2,171.4,74.3,55.7,25.9,54.4
90.6,164,74.9,56.4,25.7,53.9
112.1,186.8,105.2,62,27.7,103.3
105.6,181.6,99.8,55.7,24.5,70.4
93.1,177.4,79.7,59.9,27.5,69
92.6,171.4,72.1,59.1,25.5,68.6
89.8,180.8,84.3,60.7,26.6,70.6
108.7,176.2,97.8,55.4,26.9,84.5
93.1,169.6,81.3,57.4,24.7,67.7
96.8,170.2,84.3,54.5,26.1,68.4
80.9,172.7,67.4,56,26.2,59.8
104.5,172.9,108.9,57.7,27.8,85.3
89.2,175.1,70.9,58.3,26.5,61.7
123.7,185.8,116.4,59.7,28.9,128.4
93.1,176.8,78,60.4,25.2,68.7
92.6,169.5,79.2,59.2,24.5,65.6
100.6,177.9,92.2,59.7,26,84.1
95.1,176.3,88.6,58.3,26.2,70.7
117.4,174.8,107.8,62.4,27.1,104.9
88.8,170.3,77.7,53.3,25.8,52.9
83.6,175.4,88.8,57.5,26.1,48.5
84.3,164.8,62.8,53.2,24.6,46.6
92.1,169.5,81.7,57.6,25.9,63.4
122,170.4,106.3,56.7,26.8,97.6
91.3,180.8,80.5,59.8,27.2,67.1
99.3,180.4,99,58.4,28.8,86.4
96.2,169.3,89.2,58.1,26.1,71.3
87.4,172.3,85.5,56.4,26.3,57.5
90.6,179.8,79.8,58.9,26.7,68.1
90.4,165.6,74.7,54.5,25.4,55.2
100.1,176.8,84.2,59.5,27.2,77.1
113.2,174.9,99,58.3,26.2,94.6
78.6,168.4,74.9,55.4,24.4,52.1
89.3,161.7,73.7,56.2,26.1,56.2
95.6,175.7,85.4,55.8,27.9,71.7
100.9,181.6,98.3,57,28.5,86.8
102.1,184,92.9,59.7,29.2,83.5
112.2,173.7,89,58.4,25.1,83.9
92.3,172.2,83.4,56.6,26.6,69.1
96.5,173.8,82.1,55.6,26.7,68
98.6,173.9,90.9,59.9,26.7,80.7
103.6,174.3,87,56.3,26.3,78.3
102.9,174.5,97.2,58.8,27.5,85
112.4,182.7,95.9,56.5,29.4,95.2
90,174.4,79.2,56.8,26.5,68.5
95.5,176.4,80.5,57,27,69.3
88.6,172.9,78,60.3,27,59.9
92.4,174.7,64,57,27.2,71
97.5,178.4,87,57.9,27.7,75
100.5,171.3,94.3,56.6,26.7,78.8
87.5,187.9,74.4,55.1,29.2,68.2
91.6,176.2,84.8,59.5,26.9,61.2
105,179.8,94.8,58.1,29.1,85.7
98.1,172.3,77.2,56.9,26.1,71.5
81.6,173.9,65.7,58,26,49.5
93.3,177.8,86.5,57.9,26.6,65.6
92.4,172,85.4,58.4,25.7,65.5
88.2,168.9,83.4,56.4,24.5,53.3
97.9,169.1,85.9,58.4,25,68.3
90.8,171.7,69.8,56.9,25.3,50.6
91.4,173,85.3,59,26.5,75.8
90.9,177.5,72.4,56.2,25.4,54.9
102.5,180.2,94.9,58.8,24.7,86
106.1,170.4,98,57.5,27.8,93.4
106.9,180.4,104.2,61.3,28.1,89.5
90.4,170.7,86.2,54.9,26.6,56.8
107.8,175.4,99.3,59.1,27.7,88.1
105.6,175,66.9,59.9,27.7,74
88.3,181.2,71.1,59.2,26,66
104,176.3,94.3,56.8,26.4,79.3
87.5,173.5,84.1,59.9,25.7,56.6
85.4,169.7,69.7,55.2,25.2,53.6
104.3,168.1,101.3,58.6,26.4,81.1
99.5,170.7,90,56.9,29.1,78.4
92.3,175.6,80.7,60.7,25.6,66.5
102.8,177.8,86.2,59.9,27.9,76.5
96.5,174.6,89.7,58.6,27.7,77.4
93.4,179.6,82.5,53.8,27.8,63
76.6,174.2,68.1,57.8,25.8,46.1
109.4,173.9,83.1,57.3,26.3,81.2
90.7,165.7,79.2,58.5,25.4,63.1
96.8,174.5,81.1,60,30.5,63.4
99.7,180.7,91.4,61.5,27.3,80.9
90.1,169.6,84.3,57.3,25.2,57.8
91.9,173.5,82.6,56.8,28.2,70.8
89.6,174.7,79.2,55.9,25.8,62.7
82.6,171,73,55.6,25.3,54.2
93.6,163.8,74.8,55.8,26.3,59.4
93.2,177.1,88.3,56.7,25,72.2
112.1,181.1,103.5,62.2,28.9,100.2
95.8,180.5,87.6,58.9,29,76.6
102.5,164.6,91.5,59.1,25.6,69.2
85.8,173.3,77.9,55.6,26.4,59.7
91.9,176.7,85.3,56.3,27.4,67.4
77.8,174.8,70.8,53.1,27.6,49.2
93.1,177.8,77.4,55.2,28.1,64.5
90.2,187.8,78.2,59.5,27.4,68.9
85.9,175,74.2,56.3,27.1,59.3
89.9,174.3,76.8,56.5,26.7,62.3
101,172.1,94.8,56.5,25.8,76.6
83.7,169.8,71.3,55.1,26.4,51.5
107.5,179.5,100.2,59.4,25.3,85.7
101.3,180.2,94.7,60.1,28.3,86.6
110.7,168.5,112.5,57.4,25.6,98.3
92.3,173.2,85.6,58.1,26,65
94.9,170.6,82.6,59.2,26.3,64.4
96.4,175,84.6,57.5,27.7,70.9
98,164,85.3,55.9,24.4,66.1
82.3,165.2,72.3,56.6,25.8,54.1
100.9,171.3,87.1,55.6,26,69.4
96.7,183.6,93.4,58,28.2,82.2
103,177.1,92.4,60.8,26.3,81.5
117.3,183.7,109,61,28.1,109.1
94,167.6,56.9,54.3,25.1,58.4
95.2,171.8,83.6,56.4,27.3,72.1
97.7,177.2,82.4,57.5,26.3,70.4
83.8,181.3,71.6,57,27.4,59.5
97.4,167,90.7,54.8,24.6,73
81.5,174,65.8,58.3,26.4,50.7
110.6,176.9,101.8,57.8,27.7,107.5
95,172.4,88.5,58.8,28.2,77.9
96.3,168.5,87.9,53.7,24.9,76.1
83.8,175.7,69.9,55.3,26.2,54.4
110.2,175.3,103.5,60.2,26.1,89.4
93,181.3,78.7,59.1,27.5,72.9
113,174.5,110.4,58.6,26.4,97.2
98.5,169.3,88.1,57.8,27.5,80.3
89.7,169.7,74.1,55.6,26.3,56.9
98.9,175,92.3,60.7,26.4,76.1
105.7,184.3,88.9,59.9,28.4,77.6
100.1,173.2,84.5,61.5,25.7,78
91.3,163.6,73.8,56.6,25.4,57.8
92.9,180.9,77.4,58.4,28.4,68.2
85.4,165.5,68.1,54.3,24.9,48.9
87.6,172.1,78.4,57,25.5,63
115.3,186.1,104.7,59.4,28.9,107.9
90,165.8,83.1,56.8,26.4,63.3
107.8,174.1,96.3,58.2,27,84
83.4,182.1,79.7,55.4,28,65.1
98.3,171.5,87.8,56.5,25.8,68.2
98.4,178,85.1,58.9,27.2,69.4
104.5,160.5,91.9,54.5,24.6,69.3
84.6,173.5,71,55.2,25.4,60
99.4,175.5,88.2,57.3,26.6,70.9
94.6,163.3,92.3,57.6,24.3,75
90.3,175.2,91.1,58.1,26.6,59.9
89,171.8,80.5,56.9,25.1,60.2
105.6,177.2,89.6,58.7,28.2,80.4
97.5,184.3,83.9,55.8,26.4,80.9
104,174.2,87.8,56.8,28.4,76.8
94.5,172,85.5,55.1,27.3,67.8
101.9,175.5,95.2,56.4,27.5,77.7
91.1,166,70.6,55.7,23.9,54.3
89.9,166.5,79.6,57.5,25.1,63.3
93.7,179.1,79,56.5,27.3,69.8
109.3,184.5,99.3,57.6,27.4,92.7
82.4,185.5,79.1,55.7,25.8,68.2
94.6,171,82.3,60,24.5,61.2
88.1,178.2,70.3,58.5,26.3,56.7
117.2,182.2,115.5,56.8,27.1,117.6
97.9,173.8,89,59.3,25.8,73.6
102,171.1,80.8,58.5,26.5,67.4
87.5,172.5,76.6,55.1,26.8,62.1
91,171.2,79.3,56.3,26.2,63.1
90.9,168.7,80.8,56.4,27,65.7
102.2,177.7,85.2,57.8,26.5,72.7
96.2,182.1,81.1,58.2,28.1,70.5
99.2,168.6,91.2,60.8,27.3,75
90.1,184.6,80.3,60.6,26.4,73.1
87.6,161.6,76.5,56.7,23.9,49.2
90.2,168.3,66.7,58.5,25.9,53.2
87.4,165.9,69.1,55.9,24.5,54.2
96.4,164.1,95.1,58.6,26,78
93.6,176.7,86.9,55.5,25.6,69.5
93.5,185.6,84.9,55.5,26.4,72.8
97.3,178.9,75.1,55.7,25.9,67.5
87.9,177.1,75.2,56.9,28.4,59.2
103.9,174.1,88.4,58.9,25.9,72.5
90.2,173.6,76.3,58.5,25.6,65
96.1,172.2,90.8,56.6,26.7,73.4
86.3,172.5,75.2,55.5,25.6,62.9
91.7,184,82.4,55.5,27.7,68.3
109.9,167.3,105.9,62.9,26.6,90.2
96,173.8,78.5,56.4,25.1,67.6
100.1,171.7,89.5,56.1,27,75.3
102.1,170.8,89.1,56.7,25.4,74.3
90.1,179.6,83.3,57,27.3,76.7
93,168.6,79.8,58.8,26,62.5
95.2,175.6,82.8,60.2,26.7,68.3
85.4,169.4,74.3,53.8,25.5,55.6
103.4,165.8,87.6,59.8,27,76.5
98.6,180.1,76.7,56.9,27.7,68.7
97.5,183.7,92.2,58,28,88
114.2,168.6,100.1,59.4,26.6,92.5
94.1,179.8,86.4,57.9,28.4,73.7
108.3,180.3,101,60.5,25.8,89.3
86,171.6,74,59.7,26.2,61
87.1,165.3,72,58.2,25.6,50.8
94.1,172,88.3,57.1,24.8,69.9
102,168.4,84.5,57.2,26.7,68.7
114.3,178.1,109.5,59.9,28.8,94.7
103.1,184.8,94.1,57.6,27,81.8
102.5,183.5,87.4,62.1,26.6,78.8
113.8,172.7,64.4,57.4,24.1,90.8
94,173,81.1,56.3,25.8,64.9
99.9,179.5,93.2,56.1,26.8,78.1
88.9,185.1,84.1,58.8,29.2,69.5
99.8,175.1,77.7,55.8,26.2,71.4
80.8,172.9,71.3,57.1,25.3,53
97.4,177.6,85.2,55.2,26,71.5
86.6,173.4,78.2,56.3,27,63.9
103.7,177.3,84.4,55,27.1,78.6
100.8,174.2,94.2,60.5,25.5,83.5
101.4,171.8,86.7,57.6,26.6,75.7
109.6,177,96.2,59.7,28.7,99.2
96.1,169.3,78.2,55.6,25.6,61.6
100.2,168.2,97,59.2,26.5,75.6
94.7,176.4,85.5,60.3,29.9,74.7
97.6,170.2,82,57.5,25.2,67.6
85.5,179.2,80.2,56.4,26.5,56.3
82.5,171.8,66.2,56.4,25.6,47.6
97,169.8,82.8,56.6,23.6,68.6
95,180.8,83.7,59.8,26.1,73.4
96.3,177.6,89.1,53.7,27,74
94.1,178.3,85.6,59.7,27.8,74.9
89.9,168,77.5,56.4,25.5,61.9
104.2,172.1,90.4,60,27,76.8
93.3,176.2,88.9,56.5,27,62.7
108.7,177.5,101.4,57.8,27.3,94
85.4,180.9,78.8,55.5,26.8,64.1
85.7,181.5,74.7,56.8,27.5,62.2
98.9,174.3,88.4,58.3,26.5,78.9
86.1,177,75.2,60,27.3,63.3
90.4,176.7,74.7,58.5,26.2,53
105.7,172.6,110,59.5,27.1,89.1
102.1,179.2,86.7,58.4,27.4,78.7
90.6,171.7,75.8,57.9,26,67.9
100.9,176.3,83.3,56.5,26.6,72.5
110.9,171.7,109.4,61.7,26.4,94.3
92.6,173.8,91.8,57.8,25.7,66.8
99,180.6,88.6,60,28.7,76.5
94.5,166.9,82.2,56.5,24.6,69.1
86.2,177.6,72.3,59.3,27.7,62.2
100.5,171.8,83.2,56.7,25.8,67.3
85.8,185.4,82.7,58.3,27.9,71
93.4,173,77.7,56.9,26.9,61
102.9,175.2,95.3,59.3,27.8,82
90.6,179.3,71.7,56.8,28.3,64.3
93.7,176.3,87.1,56.7,27.1,67.3
88,168.2,69.5,58.3,26.1,54.1
115.7,174.8,96.1,60,24.6,73.6
94.2,177.5,88.3,56.9,27.3,67.2
89.1,180,76.7,60.6,26.9,65.8
106.2,173.9,93.7,57.4,26.7,85.1
106.5,180.1,103.8,59.8,27.3,91.7
103.8,177.3,97.6,60.6,26.6,84.9
88.3,177.4,81.7,58.1,26.5,64
99.1,173.8,82.5,58.5,26.1,67.2
88.5,170.2,76.9,56.3,24.9,61.8
98,174.6,85.3,56,25.3,68.6
90,186.5,80.1,57.4,29.7,71.3
105.6,181.6,99.8,55.7,24.5,70.4
92.9,180.6,87.7,57.2,26.9,67.2
87.8,176.6,87.1,58.1,26.9,56.2
82.1,163.8,79.1,56.7,23.6,52.6
99.6,167.3,84.7,57.5,25.1,69.3
113.2,171.7,105.2,59.4,25.9,96.7
95.3,170.4,82.3,56.1,26,66.9
80.4,176.1,68.2,55.4,26.3,52.4
88,172,83.9,53.5,24.3,53.6
93.7,187.8,82.8,58.8,28.2,69.6
98.4,172.7,89.3,57.3,26.6,80.9
108.9,175.2,100.7,59.6,27.3,94.5
92.4,176.1,81.4,59.6,25.9,70.6
94.8,177.5,83.6,55.8,27.7,72
101.5,166.6,92.5,57.3,25.4,72.4
100.4,181.2,95.8,59.3,31.9,85
98.9,176.1,82,58.3,28.8,71.1
89.8,169.8,78.7,59.1,24.9,62.6
102.2,167.6,85.7,57.2,25,66.4
86.2,174.6,75.6,57.8,26.4,59.5
95.8,171.3,83.4,57.5,26,69
93.6,178.8,81.5,58.9,27.9,70.2
106.8,175.3,94,60,26.4,84.2
86.8,169.2,78.3,57.6,25.4,60.4
98.6,165.3,88.3,56.4,25,66.1
93.3,179.9,83.7,56.9,27.6,69.5
114.8,167.6,101.5,58.2,26.1,91.1
84.1,173.7,74.8,55.8,24.9,56.4
102.2,176.8,93.6,59,27.9,73.9
88.2,173.3,76,56.4,27.8,65.1
101.7,179.2,91,57.8,27.4,77.4
88,176.5,72.9,58.4,26.2,59.5
108.6,175.8,90,58.3,25.5,74.5
104.9,174,92.6,59.5,26.8,79.9
96.2,179.6,84.7,55.1,33.1,72
86,167.2,74.4,54.9,25.6,55.4
111.3,167.2,102.6,59.2,23.7,88.2
100,176.4,99.1,57.8,27.2,90
95.4,186.7,87.8,58.3,29.3,76.1
90.5,179.3,78.1,59.7,26.4,66.3
104.5,178.1,91,57.6,27.5,78.9
100.4,174.9,87.6,58.1,27.5,74.6
101.9,171.8,71.9,57.7,27.5,78.6
78.5,166,67.2,55.9,26.3,49.3
94,184.1,88.2,57.3,28.1,69.5
101.7,178.9,95.3,56.8,25.4,77.4
92.8,179.8,87.4,59.4,28.3,66.1
104.4,173.6,98.3,59.3,26.6,84.9
84.5,177.7,63.8,55.6,24.4,52.4
89.5,172.2,76.1,57,25.3,62.6
94.2,180.9,87.3,55.3,27.4,64.3
90.6,177.2,80.7,56,27,62.7
89,170.9,68.6,57.8,27,55.4
88.8,170.8,86.4,58,27,68.7
94.6,176.8,79.9,54.7,26.5,70.1
95.5,176.8,85.3,58.2,25.6,69.3
88.3,172.4,75.6,56.1,25.3,54.4
87,172.8,73.5,58.1,25,53.1
93.9,171.3,83.4,56.4,24.9,55.3
109.7,180.5,100.6,59.2,27.3,94
97.8,170.9,82.8,56.1,26.2,68.5
92.1,179,82.4,56.8,26.9,73.8
89.8,173.9,73.2,55.3,26.6,58.4
92.3,170.1,89.8,57.1,25.1,67
94.2,172.8,85.9,56.7,26.6,69.7
75.1,158.9,64,55.6,25.4,42.4
100.2,173.2,89.6,57.3,25.2,73.9
102.7,173.7,88.5,58.7,25.5,79.6
104.1,170.7,97.9,57.4,27.4,86.2
87.5,160.3,73.5,58.9,24.2,51
97.5,166.7,88.1,57.3,24.3,63.4
82.6,164.6,66.4,58.9,24,49.2
98.5,173,85.5,58,24.7,69.9
94.6,164.5,91.9,57.6,25,77.5
84,168.8,75.6,56,25.9,57.8
95.2,180.9,81,61.6,27.8,73.6
93,183.2,82.3,55.6,27,72.1
84.6,176.3,73,56.2,26.6,64.3
105.8,174.8,87.4,56.5,25.9,77.7
106.2,177.1,103.5,57.7,26.9,89
98.5,172.1,78.5,55.7,24.8,67.6
103.6,177.6,93.5,58.9,27.1,84.2
88.8,172.6,73.2,54,24.7,51.8
105.7,169.5,95.8,57.6,26.7,85.7
86.8,170.7,84.4,60.4,23.9,50.9
101.6,179.8,94.5,57.1,28.1,77.9
94.6,178.2,81.8,59,27.1,64.9
116.7,183.5,105.4,58.5,27.3,105.9
100.7,176.8,84.3,59.4,26.7,76.7
91.3,169.4,75.5,59.3,26.7,59.4
85.7,181.4,80.8,57.7,27.1,57.2
85.2,187.6,74.7,58.9,28,58.2
84.2,174.2,73.9,55.3,26.4,57.5
87.6,181.1,74.9,55.4,26.7,65.4
96.3,179.7,82.7,58.3,26.8,69.7
99.9,172,86.5,58.3,25.7,75.2
82.9,166.5,72.5,57.8,24.4,51.4
95.6,178.2,83.8,59.7,28.2,69.9
94.3,174.5,78.5,55.6,26.3,64.1
89.7,178.6,69.9,56,27.8,60.1
97.4,175.2,84.4,57.5,25.2,69
93.3,164.5,80.1,58,23.9,67.4
99.6,176.5,96.3,58.4,27.1,71.9
83.4,173.7,71.6,58.2,27.2,53.8
98.5,178.2,89.2,55.7,27.1,80.7
105.5,170.8,98.3,58.6,26.6,70.7
106.3,167.9,96.2,55.7,24.1,75.6
91.6,175.9,74.5,55.4,27.5,58.2
98.4,177.3,83.5,59.1,27,68.5
97.6,175.5,92,58.4,27,75.4
90.3,174.4,87.1,59.7,27.7,60.1
115.2,171.5,102.2,59.4,27.1,101.1
108.6,179.2,94.9,57.5,27.8,83.9
85.3,172.1,73,55.1,26.4,57.2
84.8,175.1,78.3,52.9,25.4,58
102.5,176,98.9,58.2,27.3,89.2
99.6,174,90.2,57.6,25.5,72
98,176.2,90,59.7,27.4,85.2
84.8,167.1,69.7,54.2,24.7,49.7
78.1,173,67.7,56.3,27.2,54.7
90.6,180.5,78.4,59,27.8,66.7
106.3,183,101.3,57.6,28.6,97
98.1,167.5,91.1,58.3,24.7,72.7
102.1,176.9,97.1,56.4,27.3,85.6
107.5,168.3,95.4,56.2,26,79.9
92.5,177.5,82.1,57,26.7,71.5
85.7,172.9,83.5,56.6,25.6,53.9
85.6,170.9,78.8,57.6,27.1,55.6
87.4,172,76.6,57,27.2,61.3
89.8,173.6,77.1,57.4,27.1,69
94.8,164.8,68.2,57.2,25.4,56
82.5,165.2,68.1,56.2,25.2,50
96,179.1,80.3,59,27,64.9
96.9,183.8,90.2,60.6,29.2,80.2
100.7,170.6,83.3,57.5,26.3,72.1
94.7,172,81.6,57.1,29.2,64.4
93.3,173.9,83.7,57.2,26.1,65.6
92.6,175.4,85,56.7,28.1,70.5
93.3,181.3,84.4,58.1,26.6,67.9
96.1,173.3,88.3,58.2,26.3,67.5
98.2,181.5,77.6,55.5,26.8,64.1
78.6,172.6,70.3,55.9,25.9,52.6
96.5,187.4,88.5,59.4,28.2,76.8
85.2,168,101.3,57.2,24.3,49.8
108.2,170.2,97.1,56.5,26.1,91.4
96,170.6,83.7,57.7,25.3,67.5
101.7,174.3,85.6,56.6,27.2,75
112.8,182.7,111.7,61.1,29,113.1
95.2,171.4,80.4,58.8,25.8,65.3
98.3,174.4,92.6,56.1,27.6,76.1
110.5,177.9,103.5,57.4,27.2,97.7
98.2,175.2,83.6,56.7,26.1,75
90,177.2,77.1,55,27.1,57.7
111.6,180.2,106.3,61.8,29.4,92.4
88.4,166.6,72.8,57.2,24.8,53.8
90.5,170.6,83.3,55.3,26.3,61.3
99,180.3,86.6,55.9,26.4,68.1
102.3,179.3,105.1,59.9,29.7,93.8
103.7,170.9,92.5,57.2,25.4,82.7
114.6,171.9,109,61.5,27.8,103.7
90.2,173.8,76.7,57.6,25.7,57.2
100,173.6,92.1,61.4,28.8,74.8
122.5,176.4,114.8,61.5,25.7,114.1
113.5,180.4,109,59.9,26.9,101.9
103.5,176.7,81.9,54.8,25.7,74.6
88.7,168.3,84.7,56.8,25.9,63.1
100.3,172.8,61.3,56.1,27.6,69.3
99.6,177.4,87.8,58.2,26.7,71.6
115.6,183.1,100.4,59,27.5,96.8
90.2,174.8,77.4,58.4,27.1,69.9
102.6,172.3,90.6,56.7,26.2,81.1
98.7,172.3,93.4,57.1,27.1,77.2
95.2,168.5,87.2,56.9,27,68.1
87.1,160.6,77.4,57.7,23.1,47.3
98.8,175.5,90.5,56,28.2,80.9
100.3,172.9,90,60.7,27.5,73.4
90.4,172.3,75.4,55.4,27.9,64.1
103.6,172.9,92.5,57.7,26.7,74.3
112.7,179,104.7,58.7,27.7,103.5
97.1,181.3,89.2,58.6,27.3,74.9
93.6,168.9,82.2,55.9,25.8,67.8
90.7,176,84,57.5,27.6,70.3
104.2,181.2,89.5,55.6,28,83.3
100.8,178.8,79,62.7,27.3,73.3
89.9,171.5,76.3,55.9,26.1,60.8
102.2,164.3,102,58,23.5,87.3
79.6,180,80.3,59,28.2,54.3
84.8,174.4,71.5,55.3,24.4,55.8
100.1,172.7,104.1,59.2,27.2,69.9
109.7,178.6,104.2,58.3,27.6,89.2
95.7,187.5,87,57.4,21.8,69.3
93.7,180.2,80.5,62.7,26.8,66.8
93.2,166.8,78.6,56.5,26.6,62.5
96.4,176.8,81.3,57.6,26.8,68.8
104.1,180.9,95.2,57.4,26.3,86.1
92,172.8,88.5,60.8,26.6,68.6
102.6,180.7,97.9,59.4,27.7,82.2
86.4,173.4,81.7,56.3,27.3,63.8
88.1,162.8,78.7,55.3,23.6,56.5
109.8,176.6,114.8,58.4,27.5,102.3
101.3,177,89.4,57.5,28.3,77.5
89.3,172.5,83.2,57.7,26,62.4
87.6,175.7,77.7,55.7,27,55.5
100,182.6,93.6,58.4,27.5,86.2
96.1,167.6,90.4,57.2,26.7,69.4
93.9,174,80,56.6,25.2,76.9
107.1,181.3,98.6,60.2,27.3,87.9
108.3,165.1,101.2,61,25.1,84.4
84.6,172.2,71,55.2,25.7,54.1
87.4,171.8,71.4,57,25.6,57
85.3,173.3,68.7,56,25.4,56.4
88.5,165.4,80.8,56.4,25.6,62.2
108.6,177,92.2,57.8,28.1,87.2
96.1,176.6,91.7,60.5,27,73.6
100.6,176.5,88.3,59,26.5,75.9
92.6,167.1,84.8,57.8,26,65.7
115.7,179.4,95.2,62.2,26.6,84.5
86.3,169.2,73.4,58.8,26.8,65.9
87.6,181.1,89.8,57.2,27.8,62.8
84.5,175.7,75.8,58.1,27,62.1
93.8,171,80.8,53.6,25.3,59.5
115,173.1,109.1,59.6,28.1,101.8
96.9,174.2,86.4,57.4,26.3,70.7
120.5,170.6,117.4,61.7,25.6,108.9
95.2,173.1,90.1,58,26,68.4
85.2,172.8,69.7,56.5,26,56.1
98.9,178,94.2,57.8,29.1,75.9
103,181.1,97.7,57.9,28.3,78.9
93.7,184.2,86.9,55.8,27.4,58.8
97.8,166.3,92.5,59.5,25.2,70.8
98,172,81.2,60.6,25.5,71.5
93,169.5,84.7,60.4,25.9,65.8
94.6,183.6,87.9,59,27.7,73.8
81.3,167.1,73,58.3,24.5,50.7
91.9,172,86.2,57.5,26.9,69.9
83,179.7,69.2,57.9,28.5,57.8
91.3,175.7,78.2,56.9,25.4,59.9
104.2,161.9,101.3,60.9,25.1,76.1
91.9,179.3,73.5,57.3,27.8,64.1
88.2,175.7,75.3,57.3,24.7,57
102.2,171.9,86.8,55.4,26.9,79.4
125.6,182.7,120.3,61.6,28.7,119.6
102.8,177.9,88.3,59.2,27.7,79.4
99.1,179.3,89.4,59.3,27.2,74.8
96.3,174.3,82.9,57.2,27.9,67.4
85.3,177.4,76.1,58.4,26,60.6
86.9,185.2,92.2,59.2,27.2,77.3
80.3,165.2,72.1,54.9,24,51.1
100.6,177.8,81.3,57.4,25.1,69.2
95.4,185.4,82.8,57.6,27.8,79.2
92.8,176.8,77.1,57.6,26.2,64.3
95.3,180.3,80.4,57.1,27.3,73.9
94.3,177.1,89.2,59.1,27.9,63.3
96.9,182.8,92.8,59.8,29.2,85.1
89.4,169.1,77.9,57.9,24.2,55.5
92.9,183.1,85.4,60.2,27.5,68.2
93.2,170.8,80.2,56.6,26,62.9
113.5,177,103.6,59.8,25.7,97.2
91.6,169,80.2,57.3,25.6,61.7
87.4,170,76.1,57.9,25.9,58
85.4,165.7,70.9,54,23.3,48.5
93.8,167.6,75.7,58.9,24.4,64
89.2,173.9,76.7,57.9,25,56.1
101,173,97.8,59.3,24.3,87.9
99,186.8,89.9,58,28.2,70.4
124.6,180.6,118.2,62.5,28.8,116.4
91,169.4,79.5,57.5,25.7,64.2
88.8,175.3,87.1,59.3,28.2,68.4
93.2,176.2,73.5,55.8,27,66.5
82.3,175.1,73.2,56.7,25.6,55.9
100.3,176,84.5,59.7,28.9,78
101,185.1,91.1,60,27.4,83
94.7,180.9,88.7,57.7,27.1,73.4
104.9,176.3,98.1,60.3,26.5,79
101.3,186.4,95.9,58,30.6,85.6
125.2,179.6,121.1,60.5,27.6,112.7
99.2,170.3,79.6,57.5,26.3,68.1
129.3,182.3,115.5,60,27.9,111.7
93.5,179.3,77.1,55.7,27.5,67.3
92.8,177.2,90.2,58.9,27.2,74.9
103.9,176.7,89.4,57.3,25.9,71.5
123.6,185.7,111.7,61.7,28.8,115.4
96.4,167.8,87.5,58.6,24.8,64
99.7,180.7,89.5,61,27.4,79.7
100.1,173.7,89.1,60.9,26.3,71.5
122.5,174,117,59.9,27.5,106.8
86.3,180.3,83.7,60.6,26.6,57.2
87.5,170.3,80,56.8,24.9,63.5
95.6,169.8,79.3,56.7,26.2,66.2
106.1,182.6,93.6,60.4,28.7,79.7
106.2,174.7,91.8,60.4,26.9,77.2
92.1,169.9,84,56.4,25.8,67.8
91.1,172.6,79.3,58,26.3,56.7
86.3,171.8,79.6,62.3,26.8,59.6
107.7,182.8,89.5,58.9,28.6,88
107.9,193.8,93.9,62.5,28.2,85.7
92,172.7,81.3,58.2,24.9,64
84.7,160.5,74.7,57.9,23.8,53.8
96,176.1,78.7,57.2,28.5,66.4
84,168.4,73.2,61.2,24.7,53.3
91.7,170.7,76.8,56.2,25.7,57.9
111.9,187.5,106.8,61.3,30.5,114.1
112.2,180.3,98.1,60.6,27.4,87
79.8,173.5,73,55.2,28.2,53.2
97.2,175.5,80.3,57.5,27,63
111.7,170.3,96.8,58.8,26.2,92.8
83.9,178.9,84.8,55.3,27.4,55.2
112.8,177.9,116.2,62.2,29.3,101.7
92.1,172.3,75.9,56.1,26.2,64.2
87.1,177.2,84.3,59.6,24.5,67.9
98.2,175.9,94.2,56.6,26.6,74.7
93.5,169.8,79.5,56.9,25.4,60.8
109.9,180.3,101.8,59.5,27.6,95.4
116.2,180.7,117.5,60.6,28.6,100.7
91.1,175.4,84.5,57.3,27,76.4
100.1,173.3,96,58.1,25.3,76.3
109.7,172.9,99.8,56.2,27.3,85.9
108.3,170.9,105.1,57.2,26.3,84.2
100.7,174.2,89.1,57.4,25.2,71.2
92.4,168.1,81,59.5,24.7,63.6
98.3,175.7,87.5,56.6,28.5,71.5
83.6,165.8,73.5,59,25.6,47.5
90.7,171,70.3,55.8,25.4,53.5
86.2,177.2,73.5,57,27.2,59
100.5,174.3,84,56.7,28.3,77.2
98.5,182.1,91.6,58.5,28.3,83.2
108.1,172.3,95.4,59,25.6,85
124.5,182.5,119.8,60.1,28.6,113.9
92.3,171.2,78.8,56.9,24.8,66.4
98.9,170,84.9,59.7,25.4,79.7
125,185.7,114,62.1,28.6,122.8
97.3,172.9,93.8,62.2,26.1,73.8
85.4,177.5,68.1,55,33.8,53.1
107.6,179.9,100.5,58.8,26.7,90
92.3,171.7,79,55.7,26.4,56
101.1,174.6,95.1,57.8,25.1,82.1
95.9,168.2,78,57.5,26.5,65.1
104.8,175.5,89.4,58.4,27.3,84
86.2,167.5,70.9,55.5,26.7,50.8
